[{"model": "contenttypes.contenttype", "pk": 1, "fields": {"app_label": "admin", "model": "logentry"}}, {"model": "contenttypes.contenttype", "pk": 2, "fields": {"app_label": "auth", "model": "permission"}}, {"model": "contenttypes.contenttype", "pk": 3, "fields": {"app_label": "auth", "model": "group"}}, {"model": "contenttypes.contenttype", "pk": 4, "fields": {"app_label": "auth", "model": "user"}}, {"model": "contenttypes.contenttype", "pk": 5, "fields": {"app_label": "contenttypes", "model": "contenttype"}}, {"model": "contenttypes.contenttype", "pk": 6, "fields": {"app_label": "sessions", "model": "session"}}, {"model": "contenttypes.contenttype", "pk": 7, "fields": {"app_label": "blog", "model": "blog"}}, {"model": "contenttypes.contenttype", "pk": 8, "fields": {"app_label": "blog", "model": "blogtype"}}, {"model": "contenttypes.contenttype", "pk": 9, "fields": {"app_label": "read_statistics", "model": "readnum"}}, {"model": "contenttypes.contenttype", "pk": 10, "fields": {"app_label": "read_statistics", "model": "readdetail"}}, {"model": "contenttypes.contenttype", "pk": 11, "fields": {"app_label": "comment", "model": "comment"}}, {"model": "contenttypes.contenttype", "pk": 12, "fields": {"app_label": "likes", "model": "likecount"}}, {"model": "contenttypes.contenttype", "pk": 13, "fields": {"app_label": "likes", "model": "likerecord"}}, {"model": "contenttypes.contenttype", "pk": 14, "fields": {"app_label": "user", "model": "profile"}}, {"model": "contenttypes.contenttype", "pk": 15, "fields": {"app_label": "user", "model": "oauthrelationship"}}, {"model": "contenttypes.contenttype", "pk": 16, "fields": {"app_label": "notifications", "model": "notification"}}, {"model": "sessions.session", "pk": "3xgdkv1cbo9hkxsom7rpwdowwiwhlfxg", "fields": {"session_data": "NmY4ZmZmMzhiMDRhOTI4MWQwOTYxYzQwYWRlMDA5MjEwYjVlOGY5Yzp7Il9hdXRoX3VzZXJfaWQiOiIxIiwiX2F1dGhfdXNlcl9iYWNrZW5kIjoiZGphbmdvLmNvbnRyaWIuYXV0aC5iYWNrZW5kcy5Nb2RlbEJhY2tlbmQiLCJfYXV0aF91c2VyX2hhc2giOiIwMDU2ODdjNTkyMTMxZjk1ZWVjZjZjMzlkZWRlYzk0MGQxZTVmMWIxIiwic2VuZF9jb2RlX3RpbWUiOjE2NTc4MDUwMzR9", "expire_date": "2022-07-28T13:24:05.781Z"}}, {"model": "sessions.session", "pk": "4uiyj465f5dwr0l6xp6o1g7qv8nxwiyr", "fields": {"session_data": "OGUzYjMwY2Q5MWM0MmIzOTFiMDM3YzhiZTA2NDhmOGQ5YjkyZTk1ZDp7Il9hdXRoX3VzZXJfaWQiOiIxIiwiX2F1dGhfdXNlcl9iYWNrZW5kIjoiZGphbmdvLmNvbnRyaWIuYXV0aC5iYWNrZW5kcy5Nb2RlbEJhY2tlbmQiLCJfYXV0aF91c2VyX2hhc2giOiIwMDU2ODdjNTkyMTMxZjk1ZWVjZjZjMzlkZWRlYzk0MGQxZTVmMWIxIn0=", "expire_date": "2022-08-01T13:31:23.321Z"}}, {"model": "sessions.session", "pk": "5c0ktovif540va6fhxsu3brvaro7mosi", "fields": {"session_data": "OGUzYjMwY2Q5MWM0MmIzOTFiMDM3YzhiZTA2NDhmOGQ5YjkyZTk1ZDp7Il9hdXRoX3VzZXJfaWQiOiIxIiwiX2F1dGhfdXNlcl9iYWNrZW5kIjoiZGphbmdvLmNvbnRyaWIuYXV0aC5iYWNrZW5kcy5Nb2RlbEJhY2tlbmQiLCJfYXV0aF91c2VyX2hhc2giOiIwMDU2ODdjNTkyMTMxZjk1ZWVjZjZjMzlkZWRlYzk0MGQxZTVmMWIxIn0=", "expire_date": "2022-08-03T11:15:49.969Z"}}, {"model": "sessions.session", "pk": "87rezr461w0nj22ovywfpg4wq2l0cu7w", "fields": {"session_data": "OGUzYjMwY2Q5MWM0MmIzOTFiMDM3YzhiZTA2NDhmOGQ5YjkyZTk1ZDp7Il9hdXRoX3VzZXJfaWQiOiIxIiwiX2F1dGhfdXNlcl9iYWNrZW5kIjoiZGphbmdvLmNvbnRyaWIuYXV0aC5iYWNrZW5kcy5Nb2RlbEJhY2tlbmQiLCJfYXV0aF91c2VyX2hhc2giOiIwMDU2ODdjNTkyMTMxZjk1ZWVjZjZjMzlkZWRlYzk0MGQxZTVmMWIxIn0=", "expire_date": "2022-08-01T12:40:17.615Z"}}, {"model": "sessions.session", "pk": "9e8ifjccps8ocz4xtob76dsl4gzd22qe", "fields": {"session_data": "OGUzYjMwY2Q5MWM0MmIzOTFiMDM3YzhiZTA2NDhmOGQ5YjkyZTk1ZDp7Il9hdXRoX3VzZXJfaWQiOiIxIiwiX2F1dGhfdXNlcl9iYWNrZW5kIjoiZGphbmdvLmNvbnRyaWIuYXV0aC5iYWNrZW5kcy5Nb2RlbEJhY2tlbmQiLCJfYXV0aF91c2VyX2hhc2giOiIwMDU2ODdjNTkyMTMxZjk1ZWVjZjZjMzlkZWRlYzk0MGQxZTVmMWIxIn0=", "expire_date": "2022-08-01T13:13:46.327Z"}}, {"model": "sessions.session", "pk": "bbliwny9zaoi537pmbqqw1571abu9mjy", "fields": {"session_data": "OGUzYjMwY2Q5MWM0MmIzOTFiMDM3YzhiZTA2NDhmOGQ5YjkyZTk1ZDp7Il9hdXRoX3VzZXJfaWQiOiIxIiwiX2F1dGhfdXNlcl9iYWNrZW5kIjoiZGphbmdvLmNvbnRyaWIuYXV0aC5iYWNrZW5kcy5Nb2RlbEJhY2tlbmQiLCJfYXV0aF91c2VyX2hhc2giOiIwMDU2ODdjNTkyMTMxZjk1ZWVjZjZjMzlkZWRlYzk0MGQxZTVmMWIxIn0=", "expire_date": "2022-08-03T12:59:19.709Z"}}, {"model": "sessions.session", "pk": "c9vl9svpsmwc4l2uij4kotkf6kmxdjcr", "fields": {"session_data": "OGUzYjMwY2Q5MWM0MmIzOTFiMDM3YzhiZTA2NDhmOGQ5YjkyZTk1ZDp7Il9hdXRoX3VzZXJfaWQiOiIxIiwiX2F1dGhfdXNlcl9iYWNrZW5kIjoiZGphbmdvLmNvbnRyaWIuYXV0aC5iYWNrZW5kcy5Nb2RlbEJhY2tlbmQiLCJfYXV0aF91c2VyX2hhc2giOiIwMDU2ODdjNTkyMTMxZjk1ZWVjZjZjMzlkZWRlYzk0MGQxZTVmMWIxIn0=", "expire_date": "2022-07-27T02:14:05.466Z"}}, {"model": "sessions.session", "pk": "g39xlp97js2amijtqzoccfp46aue0jzc", "fields": {"session_data": "OGUzYjMwY2Q5MWM0MmIzOTFiMDM3YzhiZTA2NDhmOGQ5YjkyZTk1ZDp7Il9hdXRoX3VzZXJfaWQiOiIxIiwiX2F1dGhfdXNlcl9iYWNrZW5kIjoiZGphbmdvLmNvbnRyaWIuYXV0aC5iYWNrZW5kcy5Nb2RlbEJhY2tlbmQiLCJfYXV0aF91c2VyX2hhc2giOiIwMDU2ODdjNTkyMTMxZjk1ZWVjZjZjMzlkZWRlYzk0MGQxZTVmMWIxIn0=", "expire_date": "2022-08-03T08:02:26.956Z"}}, {"model": "sessions.session", "pk": "iuyqpbo7xwqurxjmqruausbtl7q5j3sl", "fields": {"session_data": "OGUzYjMwY2Q5MWM0MmIzOTFiMDM3YzhiZTA2NDhmOGQ5YjkyZTk1ZDp7Il9hdXRoX3VzZXJfaWQiOiIxIiwiX2F1dGhfdXNlcl9iYWNrZW5kIjoiZGphbmdvLmNvbnRyaWIuYXV0aC5iYWNrZW5kcy5Nb2RlbEJhY2tlbmQiLCJfYXV0aF91c2VyX2hhc2giOiIwMDU2ODdjNTkyMTMxZjk1ZWVjZjZjMzlkZWRlYzk0MGQxZTVmMWIxIn0=", "expire_date": "2022-08-03T02:51:51.872Z"}}, {"model": "sessions.session", "pk": "j1bh5v2htf4edmu89401oqredjbgmcvb", "fields": {"session_data": "OGUzYjMwY2Q5MWM0MmIzOTFiMDM3YzhiZTA2NDhmOGQ5YjkyZTk1ZDp7Il9hdXRoX3VzZXJfaWQiOiIxIiwiX2F1dGhfdXNlcl9iYWNrZW5kIjoiZGphbmdvLmNvbnRyaWIuYXV0aC5iYWNrZW5kcy5Nb2RlbEJhY2tlbmQiLCJfYXV0aF91c2VyX2hhc2giOiIwMDU2ODdjNTkyMTMxZjk1ZWVjZjZjMzlkZWRlYzk0MGQxZTVmMWIxIn0=", "expire_date": "2022-07-30T14:27:10.287Z"}}, {"model": "sessions.session", "pk": "jubcj9n5n0zdpk5cai0x8vwod38d79ro", "fields": {"session_data": "OGUzYjMwY2Q5MWM0MmIzOTFiMDM3YzhiZTA2NDhmOGQ5YjkyZTk1ZDp7Il9hdXRoX3VzZXJfaWQiOiIxIiwiX2F1dGhfdXNlcl9iYWNrZW5kIjoiZGphbmdvLmNvbnRyaWIuYXV0aC5iYWNrZW5kcy5Nb2RlbEJhY2tlbmQiLCJfYXV0aF91c2VyX2hhc2giOiIwMDU2ODdjNTkyMTMxZjk1ZWVjZjZjMzlkZWRlYzk0MGQxZTVmMWIxIn0=", "expire_date": "2022-07-29T02:00:58.357Z"}}, {"model": "sessions.session", "pk": "krxforz98n3jtclplikxih6lhhhnwxup", "fields": {"session_data": "OGUzYjMwY2Q5MWM0MmIzOTFiMDM3YzhiZTA2NDhmOGQ5YjkyZTk1ZDp7Il9hdXRoX3VzZXJfaWQiOiIxIiwiX2F1dGhfdXNlcl9iYWNrZW5kIjoiZGphbmdvLmNvbnRyaWIuYXV0aC5iYWNrZW5kcy5Nb2RlbEJhY2tlbmQiLCJfYXV0aF91c2VyX2hhc2giOiIwMDU2ODdjNTkyMTMxZjk1ZWVjZjZjMzlkZWRlYzk0MGQxZTVmMWIxIn0=", "expire_date": "2022-08-03T03:47:01.252Z"}}, {"model": "sessions.session", "pk": "nn6e8d0afxxgjf59iyunecc86zctwq8q", "fields": {"session_data": "OTA0NmE2NjQxOGQ2NDYzMGY2MGU3ZTZlM2YwMDY0ODc3ZDQ4NWQ3NTp7ImJpbmRfZW1haWxfY29kZSI6IjdKSzMiLCJzZW5kX2NvZGVfdGltZSI6MTY1NzgwNTc0NH0=", "expire_date": "2022-07-28T13:35:45.468Z"}}, {"model": "sessions.session", "pk": "p6f3zhjk5jog5x9n1iy75h521xitxg83", "fields": {"session_data": "MDYwMDY2ZTUwYzBmN2UxNTU2NzE5ZTEwN2Q3MzllZjA3NDdiYzJlMDp7Il9hdXRoX3VzZXJfaWQiOiIyIiwiX2F1dGhfdXNlcl9iYWNrZW5kIjoiZGphbmdvLmNvbnRyaWIuYXV0aC5iYWNrZW5kcy5Nb2RlbEJhY2tlbmQiLCJfYXV0aF91c2VyX2hhc2giOiIyMGRiOWViYzZjZjBkYjY0MjgzNzRiMmUwYTNjOWI3OWVmZjA5MzFiIn0=", "expire_date": "2022-07-29T14:47:54.056Z"}}, {"model": "sessions.session", "pk": "v5gkrfgttekniyxtnpdi0j55sqgsbz0m", "fields": {"session_data": "OGUzYjMwY2Q5MWM0MmIzOTFiMDM3YzhiZTA2NDhmOGQ5YjkyZTk1ZDp7Il9hdXRoX3VzZXJfaWQiOiIxIiwiX2F1dGhfdXNlcl9iYWNrZW5kIjoiZGphbmdvLmNvbnRyaWIuYXV0aC5iYWNrZW5kcy5Nb2RlbEJhY2tlbmQiLCJfYXV0aF91c2VyX2hhc2giOiIwMDU2ODdjNTkyMTMxZjk1ZWVjZjZjMzlkZWRlYzk0MGQxZTVmMWIxIn0=", "expire_date": "2022-08-01T14:23:08.399Z"}}, {"model": "sessions.session", "pk": "wsshuvwbvdfejhzjgxwpoom58jc4ijcq", "fields": {"session_data": "OGUzYjMwY2Q5MWM0MmIzOTFiMDM3YzhiZTA2NDhmOGQ5YjkyZTk1ZDp7Il9hdXRoX3VzZXJfaWQiOiIxIiwiX2F1dGhfdXNlcl9iYWNrZW5kIjoiZGphbmdvLmNvbnRyaWIuYXV0aC5iYWNrZW5kcy5Nb2RlbEJhY2tlbmQiLCJfYXV0aF91c2VyX2hhc2giOiIwMDU2ODdjNTkyMTMxZjk1ZWVjZjZjMzlkZWRlYzk0MGQxZTVmMWIxIn0=", "expire_date": "2022-08-01T12:52:58.773Z"}}, {"model": "blog.blogtype", "pk": 1, "fields": {"type_name": "Django"}}, {"model": "blog.blogtype", "pk": 2, "fields": {"type_name": "\u611f\u609f"}}, {"model": "blog.blogtype", "pk": 3, "fields": {"type_name": "\u95ee\u9898"}}, {"model": "blog.blogtype", "pk": 4, "fields": {"type_name": "\u8bb0\u5f55"}}, {"model": "read_statistics.readnum", "pk": 1, "fields": {"read_num": 42, "content_type": 7, "object_id": 1}}, {"model": "read_statistics.readnum", "pk": 2, "fields": {"read_num": 47, "content_type": 7, "object_id": 2}}, {"model": "read_statistics.readnum", "pk": 3, "fields": {"read_num": 42, "content_type": 7, "object_id": 3}}, {"model": "read_statistics.readnum", "pk": 4, "fields": {"read_num": 46, "content_type": 7, "object_id": 4}}, {"model": "read_statistics.readnum", "pk": 5, "fields": {"read_num": 47, "content_type": 7, "object_id": 5}}, {"model": "read_statistics.readnum", "pk": 6, "fields": {"read_num": 26, "content_type": 7, "object_id": 6}}, {"model": "read_statistics.readnum", "pk": 7, "fields": {"read_num": 17, "content_type": 7, "object_id": 9}}, {"model": "read_statistics.readnum", "pk": 8, "fields": {"read_num": 2, "content_type": 7, "object_id": 10}}, {"model": "read_statistics.readnum", "pk": 9, "fields": {"read_num": 12, "content_type": 7, "object_id": 11}}, {"model": "read_statistics.readnum", "pk": 10, "fields": {"read_num": 1, "content_type": 7, "object_id": 12}}, {"model": "read_statistics.readdetail", "pk": 1, "fields": {"date": "2022-07-14", "read_num": 6, "content_type": 7, "object_id": 1}}, {"model": "read_statistics.readdetail", "pk": 2, "fields": {"date": "2022-07-14", "read_num": 8, "content_type": 7, "object_id": 2}}, {"model": "read_statistics.readdetail", "pk": 3, "fields": {"date": "2022-07-15", "read_num": 5, "content_type": 7, "object_id": 2}}, {"model": "read_statistics.readdetail", "pk": 4, "fields": {"date": "2022-07-15", "read_num": 2, "content_type": 7, "object_id": 1}}, {"model": "read_statistics.readdetail", "pk": 5, "fields": {"date": "2022-07-15", "read_num": 1, "content_type": 7, "object_id": 3}}, {"model": "read_statistics.readdetail", "pk": 6, "fields": {"date": "2022-07-15", "read_num": 1, "content_type": 7, "object_id": 4}}, {"model": "read_statistics.readdetail", "pk": 7, "fields": {"date": "2022-07-15", "read_num": 1, "content_type": 7, "object_id": 5}}, {"model": "read_statistics.readdetail", "pk": 8, "fields": {"date": "2022-07-16", "read_num": 6, "content_type": 7, "object_id": 2}}, {"model": "read_statistics.readdetail", "pk": 9, "fields": {"date": "2022-07-16", "read_num": 5, "content_type": 7, "object_id": 1}}, {"model": "read_statistics.readdetail", "pk": 10, "fields": {"date": "2022-07-16", "read_num": 13, "content_type": 7, "object_id": 3}}, {"model": "read_statistics.readdetail", "pk": 11, "fields": {"date": "2022-07-16", "read_num": 13, "content_type": 7, "object_id": 5}}, {"model": "read_statistics.readdetail", "pk": 12, "fields": {"date": "2022-07-16", "read_num": 12, "content_type": 7, "object_id": 4}}, {"model": "read_statistics.readdetail", "pk": 13, "fields": {"date": "2022-07-17", "read_num": 5, "content_type": 7, "object_id": 3}}, {"model": "read_statistics.readdetail", "pk": 14, "fields": {"date": "2022-07-17", "read_num": 7, "content_type": 7, "object_id": 1}}, {"model": "read_statistics.readdetail", "pk": 15, "fields": {"date": "2022-07-17", "read_num": 7, "content_type": 7, "object_id": 5}}, {"model": "read_statistics.readdetail", "pk": 16, "fields": {"date": "2022-07-17", "read_num": 8, "content_type": 7, "object_id": 2}}, {"model": "read_statistics.readdetail", "pk": 17, "fields": {"date": "2022-07-17", "read_num": 6, "content_type": 7, "object_id": 4}}, {"model": "read_statistics.readdetail", "pk": 18, "fields": {"date": "2022-07-18", "read_num": 10, "content_type": 7, "object_id": 2}}, {"model": "read_statistics.readdetail", "pk": 19, "fields": {"date": "2022-07-18", "read_num": 8, "content_type": 7, "object_id": 5}}, {"model": "read_statistics.readdetail", "pk": 20, "fields": {"date": "2022-07-18", "read_num": 8, "content_type": 7, "object_id": 4}}, {"model": "read_statistics.readdetail", "pk": 21, "fields": {"date": "2022-07-18", "read_num": 8, "content_type": 7, "object_id": 1}}, {"model": "read_statistics.readdetail", "pk": 22, "fields": {"date": "2022-07-18", "read_num": 6, "content_type": 7, "object_id": 3}}, {"model": "read_statistics.readdetail", "pk": 23, "fields": {"date": "2022-07-18", "read_num": 11, "content_type": 7, "object_id": 6}}, {"model": "read_statistics.readdetail", "pk": 24, "fields": {"date": "2022-07-19", "read_num": 10, "content_type": 7, "object_id": 9}}, {"model": "read_statistics.readdetail", "pk": 25, "fields": {"date": "2022-07-19", "read_num": 8, "content_type": 7, "object_id": 6}}, {"model": "read_statistics.readdetail", "pk": 26, "fields": {"date": "2022-07-19", "read_num": 9, "content_type": 7, "object_id": 5}}, {"model": "read_statistics.readdetail", "pk": 27, "fields": {"date": "2022-07-19", "read_num": 7, "content_type": 7, "object_id": 4}}, {"model": "read_statistics.readdetail", "pk": 28, "fields": {"date": "2022-07-19", "read_num": 9, "content_type": 7, "object_id": 3}}, {"model": "read_statistics.readdetail", "pk": 29, "fields": {"date": "2022-07-19", "read_num": 6, "content_type": 7, "object_id": 2}}, {"model": "read_statistics.readdetail", "pk": 30, "fields": {"date": "2022-07-19", "read_num": 7, "content_type": 7, "object_id": 1}}, {"model": "read_statistics.readdetail", "pk": 31, "fields": {"date": "2022-07-19", "read_num": 2, "content_type": 7, "object_id": 10}}, {"model": "read_statistics.readdetail", "pk": 32, "fields": {"date": "2022-07-19", "read_num": 1, "content_type": 7, "object_id": 11}}, {"model": "read_statistics.readdetail", "pk": 33, "fields": {"date": "2022-07-20", "read_num": 11, "content_type": 7, "object_id": 11}}, {"model": "read_statistics.readdetail", "pk": 34, "fields": {"date": "2022-07-20", "read_num": 7, "content_type": 7, "object_id": 6}}, {"model": "read_statistics.readdetail", "pk": 35, "fields": {"date": "2022-07-20", "read_num": 12, "content_type": 7, "object_id": 4}}, {"model": "read_statistics.readdetail", "pk": 36, "fields": {"date": "2022-07-20", "read_num": 7, "content_type": 7, "object_id": 9}}, {"model": "read_statistics.readdetail", "pk": 37, "fields": {"date": "2022-07-20", "read_num": 8, "content_type": 7, "object_id": 3}}, {"model": "read_statistics.readdetail", "pk": 38, "fields": {"date": "2022-07-20", "read_num": 7, "content_type": 7, "object_id": 1}}, {"model": "read_statistics.readdetail", "pk": 39, "fields": {"date": "2022-07-20", "read_num": 9, "content_type": 7, "object_id": 5}}, {"model": "read_statistics.readdetail", "pk": 40, "fields": {"date": "2022-07-20", "read_num": 4, "content_type": 7, "object_id": 2}}, {"model": "read_statistics.readdetail", "pk": 41, "fields": {"date": "2022-07-20", "read_num": 1, "content_type": 7, "object_id": 12}}, {"model": "likes.likecount", "pk": 1, "fields": {"content_type": 7, "object_id": 1, "liked_num": 1}}, {"model": "likes.likecount", "pk": 2, "fields": {"content_type": 7, "object_id": 2, "liked_num": 1}}, {"model": "likes.likecount", "pk": 3, "fields": {"content_type": 11, "object_id": 3, "liked_num": 0}}, {"model": "likes.likecount", "pk": 4, "fields": {"content_type": 11, "object_id": 2, "liked_num": 0}}, {"model": "likes.likecount", "pk": 5, "fields": {"content_type": 11, "object_id": 1, "liked_num": 0}}, {"model": "likes.likecount", "pk": 6, "fields": {"content_type": 11, "object_id": 6, "liked_num": 0}}, {"model": "likes.likecount", "pk": 7, "fields": {"content_type": 11, "object_id": 5, "liked_num": 0}}, {"model": "likes.likecount", "pk": 8, "fields": {"content_type": 11, "object_id": 7, "liked_num": 1}}, {"model": "likes.likecount", "pk": 9, "fields": {"content_type": 11, "object_id": 4, "liked_num": 1}}, {"model": "likes.likecount", "pk": 10, "fields": {"content_type": 11, "object_id": 8, "liked_num": 1}}, {"model": "likes.likecount", "pk": 11, "fields": {"content_type": 11, "object_id": 9, "liked_num": 1}}, {"model": "likes.likecount", "pk": 12, "fields": {"content_type": 11, "object_id": 11, "liked_num": 0}}, {"model": "likes.likecount", "pk": 13, "fields": {"content_type": 11, "object_id": 10, "liked_num": 0}}, {"model": "likes.likecount", "pk": 14, "fields": {"content_type": 11, "object_id": 12, "liked_num": 0}}, {"model": "likes.likecount", "pk": 15, "fields": {"content_type": 11, "object_id": 13, "liked_num": 0}}, {"model": "likes.likecount", "pk": 16, "fields": {"content_type": 11, "object_id": 14, "liked_num": 0}}, {"model": "likes.likecount", "pk": 17, "fields": {"content_type": 7, "object_id": 3, "liked_num": 1}}, {"model": "likes.likecount", "pk": 18, "fields": {"content_type": 7, "object_id": 4, "liked_num": 0}}, {"model": "likes.likecount", "pk": 19, "fields": {"content_type": 7, "object_id": 5, "liked_num": 0}}, {"model": "likes.likecount", "pk": 20, "fields": {"content_type": 7, "object_id": 6, "liked_num": 1}}, {"model": "likes.likecount", "pk": 21, "fields": {"content_type": 7, "object_id": 8, "liked_num": 0}}, {"model": "likes.likecount", "pk": 22, "fields": {"content_type": 7, "object_id": 7, "liked_num": 0}}, {"model": "likes.likecount", "pk": 23, "fields": {"content_type": 7, "object_id": 9, "liked_num": 0}}, {"model": "likes.likecount", "pk": 24, "fields": {"content_type": 7, "object_id": 10, "liked_num": 1}}, {"model": "likes.likecount", "pk": 25, "fields": {"content_type": 7, "object_id": 11, "liked_num": 1}}, {"model": "likes.likecount", "pk": 26, "fields": {"content_type": 7, "object_id": 12, "liked_num": 1}}, {"model": "likes.likecount", "pk": 27, "fields": {"content_type": 11, "object_id": 15, "liked_num": 0}}, {"model": "auth.permission", "pk": 1, "fields": {"name": "Can add log entry", "content_type": 1, "codename": "add_logentry"}}, {"model": "auth.permission", "pk": 2, "fields": {"name": "Can change log entry", "content_type": 1, "codename": "change_logentry"}}, {"model": "auth.permission", "pk": 3, "fields": {"name": "Can delete log entry", "content_type": 1, "codename": "delete_logentry"}}, {"model": "auth.permission", "pk": 4, "fields": {"name": "Can view log entry", "content_type": 1, "codename": "view_logentry"}}, {"model": "auth.permission", "pk": 5, "fields": {"name": "Can add permission", "content_type": 2, "codename": "add_permission"}}, {"model": "auth.permission", "pk": 6, "fields": {"name": "Can change permission", "content_type": 2, "codename": "change_permission"}}, {"model": "auth.permission", "pk": 7, "fields": {"name": "Can delete permission", "content_type": 2, "codename": "delete_permission"}}, {"model": "auth.permission", "pk": 8, "fields": {"name": "Can view permission", "content_type": 2, "codename": "view_permission"}}, {"model": "auth.permission", "pk": 9, "fields": {"name": "Can add group", "content_type": 3, "codename": "add_group"}}, {"model": "auth.permission", "pk": 10, "fields": {"name": "Can change group", "content_type": 3, "codename": "change_group"}}, {"model": "auth.permission", "pk": 11, "fields": {"name": "Can delete group", "content_type": 3, "codename": "delete_group"}}, {"model": "auth.permission", "pk": 12, "fields": {"name": "Can view group", "content_type": 3, "codename": "view_group"}}, {"model": "auth.permission", "pk": 13, "fields": {"name": "Can add user", "content_type": 4, "codename": "add_user"}}, {"model": "auth.permission", "pk": 14, "fields": {"name": "Can change user", "content_type": 4, "codename": "change_user"}}, {"model": "auth.permission", "pk": 15, "fields": {"name": "Can delete user", "content_type": 4, "codename": "delete_user"}}, {"model": "auth.permission", "pk": 16, "fields": {"name": "Can view user", "content_type": 4, "codename": "view_user"}}, {"model": "auth.permission", "pk": 17, "fields": {"name": "Can add content type", "content_type": 5, "codename": "add_contenttype"}}, {"model": "auth.permission", "pk": 18, "fields": {"name": "Can change content type", "content_type": 5, "codename": "change_contenttype"}}, {"model": "auth.permission", "pk": 19, "fields": {"name": "Can delete content type", "content_type": 5, "codename": "delete_contenttype"}}, {"model": "auth.permission", "pk": 20, "fields": {"name": "Can view content type", "content_type": 5, "codename": "view_contenttype"}}, {"model": "auth.permission", "pk": 21, "fields": {"name": "Can add session", "content_type": 6, "codename": "add_session"}}, {"model": "auth.permission", "pk": 22, "fields": {"name": "Can change session", "content_type": 6, "codename": "change_session"}}, {"model": "auth.permission", "pk": 23, "fields": {"name": "Can delete session", "content_type": 6, "codename": "delete_session"}}, {"model": "auth.permission", "pk": 24, "fields": {"name": "Can view session", "content_type": 6, "codename": "view_session"}}, {"model": "auth.permission", "pk": 25, "fields": {"name": "Can add blog", "content_type": 7, "codename": "add_blog"}}, {"model": "auth.permission", "pk": 26, "fields": {"name": "Can change blog", "content_type": 7, "codename": "change_blog"}}, {"model": "auth.permission", "pk": 27, "fields": {"name": "Can delete blog", "content_type": 7, "codename": "delete_blog"}}, {"model": "auth.permission", "pk": 28, "fields": {"name": "Can view blog", "content_type": 7, "codename": "view_blog"}}, {"model": "auth.permission", "pk": 29, "fields": {"name": "Can add blog type", "content_type": 8, "codename": "add_blogtype"}}, {"model": "auth.permission", "pk": 30, "fields": {"name": "Can change blog type", "content_type": 8, "codename": "change_blogtype"}}, {"model": "auth.permission", "pk": 31, "fields": {"name": "Can delete blog type", "content_type": 8, "codename": "delete_blogtype"}}, {"model": "auth.permission", "pk": 32, "fields": {"name": "Can view blog type", "content_type": 8, "codename": "view_blogtype"}}, {"model": "auth.permission", "pk": 33, "fields": {"name": "Can add read num", "content_type": 9, "codename": "add_readnum"}}, {"model": "auth.permission", "pk": 34, "fields": {"name": "Can change read num", "content_type": 9, "codename": "change_readnum"}}, {"model": "auth.permission", "pk": 35, "fields": {"name": "Can delete read num", "content_type": 9, "codename": "delete_readnum"}}, {"model": "auth.permission", "pk": 36, "fields": {"name": "Can view read num", "content_type": 9, "codename": "view_readnum"}}, {"model": "auth.permission", "pk": 37, "fields": {"name": "Can add read detail", "content_type": 10, "codename": "add_readdetail"}}, {"model": "auth.permission", "pk": 38, "fields": {"name": "Can change read detail", "content_type": 10, "codename": "change_readdetail"}}, {"model": "auth.permission", "pk": 39, "fields": {"name": "Can delete read detail", "content_type": 10, "codename": "delete_readdetail"}}, {"model": "auth.permission", "pk": 40, "fields": {"name": "Can view read detail", "content_type": 10, "codename": "view_readdetail"}}, {"model": "auth.permission", "pk": 41, "fields": {"name": "Can add comment", "content_type": 11, "codename": "add_comment"}}, {"model": "auth.permission", "pk": 42, "fields": {"name": "Can change comment", "content_type": 11, "codename": "change_comment"}}, {"model": "auth.permission", "pk": 43, "fields": {"name": "Can delete comment", "content_type": 11, "codename": "delete_comment"}}, {"model": "auth.permission", "pk": 44, "fields": {"name": "Can view comment", "content_type": 11, "codename": "view_comment"}}, {"model": "auth.permission", "pk": 45, "fields": {"name": "Can add like count", "content_type": 12, "codename": "add_likecount"}}, {"model": "auth.permission", "pk": 46, "fields": {"name": "Can change like count", "content_type": 12, "codename": "change_likecount"}}, {"model": "auth.permission", "pk": 47, "fields": {"name": "Can delete like count", "content_type": 12, "codename": "delete_likecount"}}, {"model": "auth.permission", "pk": 48, "fields": {"name": "Can view like count", "content_type": 12, "codename": "view_likecount"}}, {"model": "auth.permission", "pk": 49, "fields": {"name": "Can add like record", "content_type": 13, "codename": "add_likerecord"}}, {"model": "auth.permission", "pk": 50, "fields": {"name": "Can change like record", "content_type": 13, "codename": "change_likerecord"}}, {"model": "auth.permission", "pk": 51, "fields": {"name": "Can delete like record", "content_type": 13, "codename": "delete_likerecord"}}, {"model": "auth.permission", "pk": 52, "fields": {"name": "Can view like record", "content_type": 13, "codename": "view_likerecord"}}, {"model": "auth.permission", "pk": 53, "fields": {"name": "Can add profile", "content_type": 14, "codename": "add_profile"}}, {"model": "auth.permission", "pk": 54, "fields": {"name": "Can change profile", "content_type": 14, "codename": "change_profile"}}, {"model": "auth.permission", "pk": 55, "fields": {"name": "Can delete profile", "content_type": 14, "codename": "delete_profile"}}, {"model": "auth.permission", "pk": 56, "fields": {"name": "Can view profile", "content_type": 14, "codename": "view_profile"}}, {"model": "auth.permission", "pk": 57, "fields": {"name": "Can add \u7b2c\u4e09\u65b9\u8d26\u53f7\u5173\u7cfb", "content_type": 15, "codename": "add_oauthrelationship"}}, {"model": "auth.permission", "pk": 58, "fields": {"name": "Can change \u7b2c\u4e09\u65b9\u8d26\u53f7\u5173\u7cfb", "content_type": 15, "codename": "change_oauthrelationship"}}, {"model": "auth.permission", "pk": 59, "fields": {"name": "Can delete \u7b2c\u4e09\u65b9\u8d26\u53f7\u5173\u7cfb", "content_type": 15, "codename": "delete_oauthrelationship"}}, {"model": "auth.permission", "pk": 60, "fields": {"name": "Can view \u7b2c\u4e09\u65b9\u8d26\u53f7\u5173\u7cfb", "content_type": 15, "codename": "view_oauthrelationship"}}, {"model": "auth.permission", "pk": 61, "fields": {"name": "Can add notification", "content_type": 16, "codename": "add_notification"}}, {"model": "auth.permission", "pk": 62, "fields": {"name": "Can change notification", "content_type": 16, "codename": "change_notification"}}, {"model": "auth.permission", "pk": 63, "fields": {"name": "Can delete notification", "content_type": 16, "codename": "delete_notification"}}, {"model": "auth.permission", "pk": 64, "fields": {"name": "Can view notification", "content_type": 16, "codename": "view_notification"}}, {"model": "auth.user", "pk": 1, "fields": {"password": "pbkdf2_sha256$150000$qTm80VxPN3Bk$CQ1GgZSPwZBuTj7Io1uorldnVvUvUEuifzCWnuit47E=", "last_login": "2022-07-20T12:59:19.697Z", "is_superuser": true, "username": "gj", "first_name": "", "last_name": "", "email": "gaojian1@stumail.nwu.edu.cn", "is_staff": true, "is_active": true, "date_joined": "2022-07-13T02:13:52.736Z", "groups": [], "user_permissions": []}}, {"model": "auth.user", "pk": 2, "fields": {"password": "pbkdf2_sha256$150000$4eJJIehMnERc$OUmV+6Sq27b4+OVz5yHeWf7sRvjy64u3zSdc5QgQpsc=", "last_login": "2022-07-15T14:47:54.047Z", "is_superuser": false, "username": "xcf", "first_name": "", "last_name": "", "email": "1532829287@qq.com", "is_staff": true, "is_active": true, "date_joined": "2022-07-15T14:45:00Z", "groups": [], "user_permissions": []}}, {"model": "blog.blog", "pk": 1, "fields": {"title": "\u5165\u95e8\u4eea\u5f0fhelloworld", "blog_type": 1, "content": "<pre>\r\n<big>\u5148\u5b89\u88c5python=3.6\uff0cDjango=2.2\r\n\r\n\u521b\u5efa\u4e00\u4e2a\u65b0\u9879\u76ee: django-admin startproject mysite\r\n\r\n\u65b0\u5efaviews.py\u6587\u4ef6&mdash;&gt;\u4f5c\u7528\u662f\u628a\u8981\u5c55\u793a\u7684\u6570\u636e\u8fd4\u56de\u7ed9\u6a21\u677f\u3002\uff08\u5199\u4e00\u4e9b\u65b9\u6cd5\uff09\r\n\r\nUrls.py\u6587\u4ef6\u7528\u4e8e\u5339\u914d\u76f8\u5e94\u7684view\u51fd\u6570\u3002\r\n\r\nPython manage.py runserver \u7528\u4e8e\u6fc0\u6d3b\u9879\u76ee\u3002\r\n\r\npython manage.py migrate \u7528\u4e8e\u521b\u5efa\u6570\u636e\u5e93\r\n\r\npython manage.py createsuperuser \u7528\u4e8e\u521b\u5efa\u7ba1\u7406\u5458\u7528\u6237\u3002</big></pre>", "author": 1, "created_time": "2022-07-13T02:15:47.893Z", "last_updated_time": "2022-07-19T01:36:24.969Z"}}, {"model": "blog.blog", "pk": 2, "fields": {"title": "Django2.2\u62a5\u9519\u2014\u2014AttributeError: ''str'' object has no attribute ''decode''", "blog_type": 1, "content": "<h1>\u65b9\u6cd5\u8bf4\u660e</h1>\r\n\r\n<p><big>Django2.2\u62a5\u9519&ndash;AttributeError: &lsquo;str&rsquo; object has no attribute &#39;<a href=\"https://so.csdn.net/so/search?q=decode&amp;spm=1001.2101.3001.7020\" target=\"_blank\">decode</a>&rsquo;\u7684\u89e3\u51b3\u65b9\u6848\uff0c\u4ec5\u7b97\u662f\u4e34\u65f6\u89e3\u51b3\uff0c\u6709\u66f4\u597d\u7684\u89e3\u51b3\u65b9\u6848\u5e94\u8be5\u659f\u914c\u4f7f\u7528\u672c\u65b9\u6cd5</big></p>\r\n\r\n<h2>\u62a5\u9519\u4ee3\u7801\u6bb5\uff1a</h2>\r\n\r\n<pre>\r\n<big># \u4f4d\u4e8e/home/soul/anaconda3/lib/python3.6/site-packages/django/db/backends/mysql/operations.py&nbsp;\r\n&nbsp; &nbsp; def last_executed_query(self, cursor, sql, params):\r\n&nbsp; &nbsp; &nbsp; &nbsp; # With MySQLdb, cursor objects have an (undocumented) &quot;_executed&quot;\r\n&nbsp; &nbsp; &nbsp; &nbsp; # attribute where the exact query sent to the database is saved.\r\n&nbsp; &nbsp; &nbsp; &nbsp; # See MySQLdb/cursors.py in the source distribution.\r\n&nbsp; &nbsp; &nbsp; &nbsp; query = getattr(cursor, &#39;_executed&#39;, None)\r\n&nbsp; &nbsp; &nbsp; &nbsp; if query is not None:\r\n&nbsp; &nbsp; &nbsp; &nbsp; &nbsp; &nbsp; query = query.decode(errors=&#39;replace&#39;)\r\n&nbsp; &nbsp; &nbsp; &nbsp; return query</big>\r\n</pre>\r\n\r\n<p><strong>\u62a5\u9519\u4fe1\u606f\uff1a\u540c\u65f6\u53ef\u4ee5\u770b\u51fa&nbsp;<code>getattr</code>&nbsp;\u51fd\u6570\u8fd4\u56de\u503c\u7c7b\u578b\u4e3a&nbsp;<code>str</code></strong></p>\r\n\r\n<h2>\u6dfb\u52a0\u4e00\u884c\u4ee3\u7801\u5373\u53ef\u89e3\u51b3\u8be5\u95ee\u9898\uff1a</h2>\r\n\r\n<pre>\r\n<big>if query is not None:\r\n\r\n    query = query.encode() # \u5148\u9ed8\u8ba4\u7f16\u7801\u3002\u6dfb\u52a0\u8fd9\u884c\u5373\u53ef\u89e3\u51b3\u95ee\u9898\u3002\r\n\r\n    query = query.decode(errors=&#39;replace&#39;)\r\n\r\n\u6216\u8005\u6ce8\u91ca\u6389\uff1a if query is not None:\r\n            query = query.decode(errors=&#39;replace&#39;)\u8fd9\u4e24\u884c\u4ee3\u7801</big></pre>\r\n\r\n<p><img src=\"/media/upload/2022/07/14/image.png\" style=\"height:330px; width:800px\" /></p>", "author": 1, "created_time": "2022-07-14T08:56:31.470Z", "last_updated_time": "2022-07-19T01:36:16.553Z"}}, {"model": "blog.blog", "pk": 3, "fields": {"title": "Django \u914d\u7f6e MySQL \u62a5\u9519\uff1aNameError: name \u2018_mysql\u2018 is not defined", "blog_type": 1, "content": "<p><big>django \u914d\u7f6e mysql \u7684\u65f6\u5019\u62a5\u9519\uff1a<code>NameError: name &#39;_mysql&#39; is not defined</code></big></p>\r\n\r\n<p><big>\u89e3\u51b3\u65b9\u6cd5\u662f\u5728&nbsp;<strong>settings.py</strong>&nbsp;\u7684\u540c\u7ea7\u76ee\u5f55\u4e0b\u4e2d\u7684&nbsp;<strong>__init__.py</strong>&nbsp;\u4e2d\u6dfb\u52a0\u5982\u4e0b\u5185\u5bb9</big></p>\r\n\r\n<pre>\r\n<big>import pymysql\r\npymysql.install_as_MySQLdb()\r\n</big></pre>\r\n\r\n<p>&nbsp;</p>\r\n\r\n<p><big><strong>pymysql</strong>&nbsp;\u9700\u8981\u53e6\u5916\u5b89\u88c5\uff1a</big></p>\r\n\r\n<pre>\r\n<big><code>pip install pymysql</code></big></pre>\r\n\r\n<p><big><code>\u6267\u884c\u6570\u636e\u5e93\u8fc1\u79fb\u7684\u65f6\u5019\u5982\u679c\u8fd8\u9047\u5230\u5982\u4e0b\u9519\u8bef\uff1aRuntimeError: &#39;cryptography&#39; package is required for sha256_password or caching_sha2_password auth methods</code></big></p>\r\n\r\n<p><big><code>\u5219\u9700\u8981\u53e6\u5916\u5b89\u88c5 cryptography \u5305</code></big></p>\r\n\r\n<pre>\r\n<big><code>pip install cryptography</code></big></pre>", "author": 1, "created_time": "2022-07-15T13:32:17.011Z", "last_updated_time": "2022-07-19T01:33:26.559Z"}}, {"model": "blog.blog", "pk": 4, "fields": {"title": "Django\u4e0a\u7ebf\u4e4b\u670d\u52a1\u5668\u76f8\u5173\u914d\u7f6e", "blog_type": 1, "content": "<pre>\r\n<big>\u5b89\u88c5python3.6\r\n    apt-get update\r\n    apt-get install software-properties-common\r\n    add-apt-repository ppa:jonathonf/python-3.6\r\n    apt-get update\r\n    apt-get install python3.6\r\n\r\n\u521b\u5efa\u8f6f\u94fe\u63a5\r\n    cd /usr/bin\r\n    rm python\r\n    ln -s python3.6 python\r\n    rm python3\r\n    ln -s python3.6 python3\r\n\r\n\u5b89\u88c5pip3.6\r\n    apt-get install python3-pip\r\n    pip3 install --upgrade pip\r\n\r\n\u5b89\u88c5\u865a\u62df\u73af\u5883\r\n    pip3 install virtualenv</big></pre>\r\n\r\n<pre>\r\n<big>\u521b\u5efa\u865a\u62df\u73af\u5883\r\n    virtualenv mysite_env\r\n    source mysite_env/bin/activate\r\n    deactivate\r\n\r\n\u5b89\u88c5git\r\n    apt-get install git</big></pre>\r\n\r\n<pre>\r\n<big>clone\u4ee3\u7801\r\n    git clone </big></pre>\r\n\r\n<pre>\r\n<big>\u5b89\u88c5mysql\r\n    wget https://dev.mysql.com/get/mysql-apt-config_0.8.10-1_all.deb\r\n    dpkg -i mysql-apt-config_0.8.10-1_all.deb  ##\u8fd9\u4e2a\u7248\u672c\u5f88\u65e7\uff0c\u53ef\u4ee5\u4f7f\u7528\u8f83\u65b0\u7684\u7248\u672c\r\n    apt-get update\r\n    apt-get install mysql-server\r\n\u521b\u5efa\u6570\u636e\u5e93\uff1a\r\n    mysql -u root -p\r\n    create database mysite_db default charset=utf8 default collate utf8_unicode_ci;\r\n    create user &#39;gj&#39;@&#39;localhost&#39; identified by &#39;gj990320&#39;;\r\n    grant all privileges on mysite_db.* to &#39;gj&#39;@&#39;localhost&#39;;\r\n    flush privileges;\r\n    mysql -u gj -p mysite_db\r\n    \u540c\u6b65\u6570\u636e\r\n</big></pre>\r\n\r\n<p><big>\u4e0a\u4f20settings.py\u7528\u4e8e\u6d4b\u8bd5</big></p>\r\n\r\n<p><big><s><span style=\"background-color:#95a5a6\">\u5b89\u88c5mysqlclient</span><br />\r\n<span style=\"background-color:#95a5a6\">&nbsp; &nbsp; wget https://dev.mysql.com/get/libmysqlclient-dev_8.0.11-1ubuntu16.04_amd64.deb</span></s></big></p>\r\n\r\n<p><big><s><span style=\"background-color:#95a5a6\">&nbsp; &nbsp; &nbsp;dpkg -i libmysqlclient-dev_8.0.11-1ubuntu16.04_amd64.deb</span><br />\r\n<span style=\"background-color:#95a5a6\">&nbsp;&nbsp; &nbsp;# \u6267\u884c\u4e0a\u4e00\u53e5\uff0c\u82e5\u63d0\u793a\u6ca1\u6709\u6309\u7167libmysqlclient21\uff0c\u5219\u6267\u884capt-get install libmysqlclient21&nbsp;</span><br />\r\n<span style=\"background-color:#95a5a6\">&nbsp;&nbsp; &nbsp;apt-get update</span><br />\r\n<span style=\"background-color:#95a5a6\">&nbsp;&nbsp; &nbsp;apt-get install libmysqlclient-dev&nbsp;</span><br />\r\n<span style=\"background-color:#95a5a6\">&nbsp;&nbsp; &nbsp;apt-get install python3.6-dev</span><br />\r\n<span style=\"background-color:#95a5a6\">&nbsp;&nbsp; &nbsp;apt-get install openssl</span><br />\r\n<span style=\"background-color:#95a5a6\">&nbsp;&nbsp; &nbsp;apt-get install libssl-dev</span></s></big></p>\r\n\r\n<p><big>\u5b89\u88c5mysqlclient\u4e0d\u6210\u529f\uff1aDjango \u914d\u7f6e MySQL \u62a5\u9519\uff1aNameError: name &lsquo;_mysql&lsquo; is not defined\uff1b</big></p>\r\n\r\n<p><big>\u8bf7\u53c2\u8003&nbsp;<a href=\"https://cmder.top/blog/3\">https://cmder.top/blog/3</a></big></p>\r\n\r\n<pre>\r\n<big>\u6d4b\u8bd5\u542f\u52a8\r\n    python manage.py runserver 0.0.0.0:80</big></pre>\r\n\r\n<pre>\r\n<big>\r\n\u5b89\u88c5uwsgi;\r\n    pip3 install uwsgi -i https://pypi.tuna.tsinghua.edu.cn/simple/\r\n    \u6d4b\u8bd5\uff1a\r\n    vim test.py\r\n    def application(env, start_response):\r\n        start_response(&#39;200 OK&#39;, [(&#39;Content-Type&#39;,&#39;text/html&#39;)])\r\n        return [b&quot;Hello World&quot;] # python3</big></pre>", "author": 1, "created_time": "2022-07-15T13:49:12.806Z", "last_updated_time": "2022-07-19T01:32:54.111Z"}}, {"model": "blog.blog", "pk": 5, "fields": {"title": "\u4e0a\u7ebf--\u5b89\u88c5uwsgi+nginx\u4ee5\u53ca\u914d\u7f6e", "blog_type": 1, "content": "<pre>\r\n<big>1\u3001\u5b89\u88c5uwsgi\r\n<strong>    \u6ce8\u610f\uff1a</strong>\r\n    1\uff09\u5728\u7cfb\u7edf\u73af\u5883\u5b89\u88c5\uff0c\u975e\u865a\u62df\u73af\u5883\r\n    2\uff09\u4f7f\u7528\u5bf9\u5e94python\u7248\u672c\u5b89\u88c5\r\n    3\uff09\u8981\u5148\u5b89\u88c5python\u5f00\u53d1\u5305\r\n    pip3 install uwsgi</big></pre>\r\n\r\n<p>&nbsp;</p>\r\n\r\n<pre>\r\n<big>2\u3001\u6d4b\u8bd5 uwsgi \u662f\u5426\u6b63\u5e38\uff1a\r\n    \u65b0\u5efa test.py \u6587\u4ef6\uff0c\u5185\u5bb9\u5982\u4e0b\uff1a\r\n        def application(env, start_response):\r\n            start_response(&#39;200 OK&#39;, [(&#39;Content-Type&#39;,&#39;text/html&#39;)])\r\n            return &quot;Hello World&quot;\r\n\u7136\u540e\u5728\u7ec8\u7aef\u8fd0\u884c\uff1a\r\nuwsgi --http :8001 --wsgi-file test.py\r\n\u6ce8\u610f\uff1a\u9700\u8981\u5f00\u542f\u7aef\u53e3\u624d\u53ef\u4ee5\u6b63\u5e38\u8bbf\u95ee</big></pre>\r\n\r\n<p>&nbsp;</p>\r\n\r\n<pre>\r\n<big>3\u3001\u53ef\u4ee5\u7528uwsgi\u7684http\u534f\u8bae\u8bbf\u95eedjango\u5199\u7684\u7f51\u7ad9\r\n    \u6267\u884c\u5982\u4e0b\u547d\u4ee4\u53ef\u4ee5\u6d4b\u8bd5\u81ea\u5df1\u7684\u9879\u76ee\r\n    uwsgi --http :8001 --chdir /path/to/project --home /path/envs --module mysite.wsgi:application\r\n* \u53c2\u6570\u8bf4\u660e\uff1a\r\n    chdir\uff1a\u6307\u5411\u7a0b\u5e8f\u7684\u6839\u76ee\u5f55\r\n    home\uff1a\u865a\u62df\u73af\u5883\u7684\u8def\u5f84\uff0c\u82e5\u6ca1\u6709\u865a\u62df\u73af\u5883\uff0c\u53ef\u4ee5\u4e0d\u5199\u8be5\u53c2\u6570\r\n    module\uff1a\u8981\u4f7f\u7528\u7684wsgi\u6a21\u5757\r\n* \u7279\u522b\u8bf4\u660e\r\n    \u548cLucas\u7684\u4e00\u6b21\u8c03\u8bd5\uff0c\u53d1\u73b0\u547d\u4ee4\u884c\u6709\u65f6\u9700\u8981\u7528env\u53c2\u6570\uff0c\u8bbe\u7f6e\u73af\u5883\u904d\u5386\u3002\u4f8b\u5982\r\n    uwsgi --http :8001 --chdir /home/mysite --home /home/mysite_env --module mysite.wsgi:application --env DJANGO_SETTINGS_MODULE=mysite.settings</big></pre>\r\n\r\n<p>&nbsp;</p>\r\n\r\n<pre>\r\n<big>4\u3001\u5b89\u88c5nginx\r\n\u82e5\u6709\u5b89\u88c5\u8fc7apache\uff0c\u8981\u5148\u628aapache\u670d\u52a1\u5173\u95ed(apache2ctl stop)\r\napt-get update\r\napt-get install nginx\r\n\u79fb\u9664default\r\n/etc/nginx/sites-enabled/default\r\n\r\n\u8fdb\u5165sites-available\u521b\u5efa\u65b0\u7684\u914d\u7f6e\r\ncd /etc/nginx/sites-available/\r\nvim mysite.conf\r\n\r\n\u914d\u7f6e\u53ef\u4ee5\u53c2\u8003\u4e0b\u9762\uff1a\r\n\r\nserver {\r\n    listen 80;\r\n    server_name mysite;\r\n    charset utf-8;\r\n\r\n    client_max_body_size 75M;\r\n\r\n    location /static {\r\n        alias /home/cmder-blog/static;\r\n    }\r\n\r\n    location /media {\r\n        alias /home/cmder-blog/media;\r\n    }\r\n\r\n    location / {\r\n        uwsgi_pass 127.0.0.1:80;\r\n        include /etc/nginx/uwsgi_params;\r\n    }\r\n}\r\n\u518d\u8bbe\u7f6e\u8f6f\u94fe\u63a5\u5230sites-enabled\r\nln -s /etc/nginx/sites-available/mysite.conf /etc/nginx/sites-enabled/mysite.conf</big></pre>\r\n\r\n<p>&nbsp;</p>\r\n\r\n<pre>\r\n<big>5\u3001\u914d\u7f6euwsgi\uff0c\u521b\u5efaini\u6587\u4ef6\u65b9\u4fbf\u5904\u7406\u3002ini\u53c2\u8003\u5982\u4e0b\uff1a\r\n[uwsgi]\r\nchdir = /home/mysite\r\nhome = /home/mysite_env\r\nmodule = mysite.wsgi:application\r\n\r\nmaster = True\r\nprocesses = 4\r\nharakiri = 60\r\nmax-requests = 5000\r\n\r\nsocket = 127.0.0.1:8001\r\nuid = 1000\r\ngid = 2000\r\n\r\npidfile = /home/mysite_uwsgi/master.pid\r\ndaemonize = /home/mysite_uwsgi/mysite.log\r\nvacuum = True</big></pre>\r\n\r\n<p>&nbsp;</p>\r\n\r\n<pre>\r\n<big>6\u3001\u542f\u52a8uwsgi\r\nuwsgi --ini /home/mysite_uwsgi/mysite.ini</big></pre>\r\n\r\n<p>&nbsp;</p>\r\n\r\n<pre>\r\n<big>7\u3001\u91cd\u542fnginx\r\nservice nginx restart</big></pre>\r\n\r\n<hr />\r\n<pre>\r\n<big>\r\n\u5176\u4ed6\u53c2\u8003\uff1a\r\nnginx\u6d4b\u8bd5\u547d\u4ee4\uff1anginx -t\r\n\u67e5\u770buwsgi\u8fdb\u7a0b\uff1aps -aux | grep uwsgi\r\n\u6b63\u5e38\u5173\u95eduwsgi\u8fdb\u7a0b\uff1auwsgi --stop /home/mysite_uwsgi/master.pid\r\n\u5f3a\u5236\u5173\u95ed\u5168\u90e8uwsgi\u8fdb\u7a0b\uff1aps -aux | grep uwsgi |awk &#39;{print $2}&#39;|xargs kill -9\r\n\u91cd\u65b0\u52a0\u8f7duwsgi\uff1auwsgi --reload /home/mysite_uwsgi/master.pid</big></pre>\r\n\r\n<p>&nbsp;</p>\r\n\r\n<pre>\r\n<big>\u53c2\u8003\u6587\u6863\uff1a\r\n\uff08Django\u5b98\u7f51\uff09https://docs.djangoproject.com/en/2.1/howto/deployment/wsgi/uwsgi/\r\n\uff08uwsgi\u4e2d\u6587\uff09https://uwsgi-docs-zh.readthedocs.io/zh_CN/latest/tutorials/Django_and_nginx.html\r\n\uff08uwsgi\u82f1\u6587\uff09https://uwsgi.readthedocs.io/en/latest/tutorials/Django_and_nginx.html\r\n\uff08\u81ea\u5f3a\u5b66\u5802\uff09https://code.ziqiangxuetang.com/django/django-nginx-deploy.html</big></pre>", "author": 1, "created_time": "2022-07-15T14:27:15.603Z", "last_updated_time": "2022-07-19T01:32:16.413Z"}}, {"model": "blog.blog", "pk": 6, "fields": {"title": "\u4e0a\u7ebf\u540e\u65e5\u671f\u5f52\u6863\u6ca1\u6709\u6b63\u5e38\u5de5\u4f5c", "blog_type": 1, "content": "<p><big>\u7531\u4e8e\u662f\u5728ubuntu\u4e0a\u9762\u90e8\u7f72\uff1a\u6240\u4ee5MySQL\u6ca1\u6709\u767b\u5f55\u65f6\u533a\u4fe1\u606f\uff0c\u6267\u884c\u4e0b\u9762\u4ee3\u7801\u5c31\u53ef\u4ee5\u6062\u590d\uff1a</big></p>\r\n\r\n<pre>\r\n<big>mysql_tzinfo_to_sql /usr/share/zoneinfo | mysql -u root mysql</big></pre>", "author": 1, "created_time": "2022-07-18T13:18:57.926Z", "last_updated_time": "2022-07-19T01:31:44.621Z"}}, {"model": "blog.blog", "pk": 9, "fields": {"title": "\u4e3a\u4ec0\u4e48\u90e8\u7f72\u4e4b\u540e\u8981\u9488\u5bf9\u914d\u7f6e", "blog_type": 2, "content": "<p style=\"margin-left:0in\"><big><span style=\"color:black\">1</span><span style=\"color:black\">\uff09\u5728\u4e92\u8054\u7f51\u7684\u4eba\u5e76\u975e\u5168\u90fd\u662f\u53cb\u597d\u7684</span></big></p>\r\n\r\n<p style=\"margin-left:0in\"><big><span style=\"color:black\">2</span><span style=\"color:black\">\uff09\u8981\u6709\u9632\u8303\u5b89\u5168\u610f\u8bc6\u548c\u76f8\u5173\u63aa\u65bd</span></big></p>\r\n\r\n<p style=\"margin-left:0in\"><big><span style=\"color:black\">3</span><span style=\"color:black\">\uff09</span><span style=\"color:black\">Django</span><span style=\"color:black\">\u5df2\u7ecf\u4e3a\u6211\u4eec\u505a\u4e86\u4e0d\u5c11\u5b89\u5168\u5904\u7406</span></big></p>\r\n\r\n<p style=\"margin-left:0in\"><img src=\"/media/upload/2022/07/19/image.png\" style=\"height:325px; width:600px\" /></p>\r\n\r\n<p style=\"margin-left:0in\">&nbsp;</p>\r\n\r\n<p style=\"margin-left:0in\"><img src=\"/media/upload/2022/07/19/image_KxLXp2h.png\" style=\"height:355px; width:600px\" /></p>\r\n\r\n<p style=\"margin-left:0in\">&nbsp;</p>\r\n\r\n<p style=\"margin-left:0in\"><big><span style=\"color:black\"><strong>1</strong></span><span style=\"color:black\"><strong>\uff09\u5173\u95ed</strong></span><span style=\"color:black\"><strong>Debug</strong></span></big></p>\r\n\r\n<p style=\"margin-left:0in\"><big>&nbsp; <span style=\"color:black\">\u591a\u4e2a</span><span style=\"color:black\">settings.py</span><span style=\"color:black\">\u6587\u4ef6</span></big></p>\r\n\r\n<p style=\"margin-left:0in\"><big>&nbsp; <span style=\"color:black\">allow_hosts</span></big></p>\r\n\r\n<p style=\"margin-left:0in\"><big>&nbsp; <span style=\"color:black\">\u4f7f\u7528\u73af\u5883\u53d8\u91cf\u8bbe\u7f6e\u654f\u611f\u4fe1\u606f</span></big></p>\r\n\r\n<p style=\"margin-left:0in\"><big>&nbsp; <span style=\"color:black\">\u65e5\u5fd7\u6587\u4ef6</span></big></p>\r\n\r\n<p style=\"margin-left:0in\"><big>&nbsp; <span style=\"color:black\">\u53d1\u9001\u9519\u8bef\u65f6\uff0c\u90ae\u4ef6\u901a\u77e5</span><span style=\"color:black\">\u7ba1\u7406\u5458</span></big></p>\r\n\r\n<p style=\"margin-left:0in\"><big><span style=\"color:black\">&nbsp; &nbsp;404</span><span style=\"color:black\">\u3001</span><span style=\"color:black\">500</span><span style=\"color:black\">\u9519\u8bef</span><span style=\"color:black\">\u9875\u9762</span></big></p>\r\n\r\n<p style=\"margin-left:0in\"><big><span style=\"color:black\"><strong>2</strong></span><span style=\"color:black\"><strong>\uff09\u9759\u6001\u6587\u4ef6</strong></span></big></p>\r\n\r\n<p style=\"margin-left:0in\"><big>&nbsp; <span style=\"color:black\">\u6536\u96c6\u9759\u6001\u6587\u4ef6</span></big></p>\r\n\r\n<p style=\"margin-left:0in\"><big>&nbsp; <span style=\"color:black\">favicon.ico</span></big></p>\r\n\r\n<p style=\"margin-left:0in\"><big><span style=\"color:black\"><strong>3</strong></span><span style=\"color:black\"><strong>\uff09\u8bbe\u7f6e\u4e0a</strong></span><span style=\"color:black\"><strong>\u4f20\u6587\u4ef6\u76ee\u5f55\u7684\u6743\u9650</strong></span></big></p>", "author": 1, "created_time": "2022-07-19T01:28:38.087Z", "last_updated_time": "2022-07-19T11:47:31.380Z"}}, {"model": "blog.blog", "pk": 10, "fields": {"title": "\u4e00\u4e9b\u5b89\u5168\u914d\u7f6e", "blog_type": 1, "content": "<p>\u5728Ubuntu\u6dfb\u52a0\u73af\u5883\u53d8\u91cf</p>\r\n\r\n<p>vim /etc/profile</p>\r\n\r\n<p>\u4f7f\u7528\u5982\u4e0b\u547d\u4ee4\u4f7f\u5f97\u6dfb\u52a0\u7684\u751f\u6548\uff1a</p>\r\n\r\n<p>source /etc/profile</p>\r\n\r\n<p>&nbsp;</p>", "author": 1, "created_time": "2022-07-19T02:09:39.283Z", "last_updated_time": "2022-07-19T02:09:39.283Z"}}, {"model": "blog.blog", "pk": 11, "fields": {"title": "git\u62a5\u9519#Support for password authentication was removed on August 13,2021. Please use a personal...", "blog_type": 1, "content": "<h1>\u4e00\u3001\u62a5\u9519\u622a\u56fe</h1>\r\n\r\n<p><img src=\"/media/upload/2022/07/19/image_Ex9dSqg.png\" style=\"height:165px; width:1972px\" /></p>\r\n\r\n<h1>\u4e8c\u3001\u62a5\u9519\u89e3\u51b3</h1>\r\n\r\n<p>1.</p>\r\n\r\n<p><img src=\"/media/upload/2022/07/19/image_WLqOOTW.png\" style=\"height:763px; width:270px\" /></p>\r\n\r\n<p>2.</p>\r\n\r\n<p><img src=\"/media/upload/2022/07/19/image_Wc38C7U.png\" style=\"height:356px; width:506px\" /></p>\r\n\r\n<p>3.</p>\r\n\r\n<p><img src=\"/media/upload/2022/07/19/image_51gtB28.png\" style=\"height:185px; width:475px\" /></p>\r\n\r\n<p>4.</p>\r\n\r\n<p><img src=\"https://img-blog.csdnimg.cn/e43e5ab15a934dc19844957452cdfd0e.png?x-oss-process=image/watermark,type_d3F5LXplbmhlaQ,shadow_50,text_Q1NETiBA6ICB6KGy55qE5bCR5aWz5b-DaQ==,size_20,color_FFFFFF,t_70,g_se,x_16\" /></p>\r\n\r\n<p>5.\u590d\u5236\u7ea2\u8272\u65b9\u6846\u5185\u5bb9\uff0c\u6765\u5230git \u8bbe\u7f6e\u754c\u9762</p>\r\n\r\n<pre>\r\n&nbsp;git remote set-url \u8fdc\u7a0b\u4ed3\u5e93\u7684\u540d\u79f0\uff08\u9ed8\u8ba4\u4e3aorigin\uff09 https://\u521a\u521a\u590d\u5236\u7684\u53e3\u4ee4@github.com/\u4f60\u7684\u4ed3\u5e93\u7684\u7528\u6237\u540d\u79f0/\u4ed3\u5e93\u540d\u79f0.git\r\n</pre>", "author": 1, "created_time": "2022-07-19T12:36:25.886Z", "last_updated_time": "2022-07-19T12:37:32.081Z"}}, {"model": "blog.blog", "pk": 12, "fields": {"title": "\u65b0\u7684\u7a0b\u5e8f\u8fd0\u884c\u5728\u65e7\u7684\u6570\u636e\u5e93\u4e0a\u5f15\u53d1\u7684\u95ee\u9898", "blog_type": 1, "content": "<p>\u8fd0\u884c Django \u9879\u76ee\u7684\u65f6\u5019\u62a5\u9519\uff1adjango.db.utils.ProgrammingError: (1146, &quot;Table &#39;tmsdata.sysMgr_syslog&#39; doesn&#39;t exist&quot;)\u3002</p>\r\n\r\n<p>\u7ffb\u8bd1\u4e00\u4e0b\u5c31\u662f\u8868\u4e0d\u5b58\u5728\u7684\u610f\u601d\uff0c\u5176\u5b9e\u5c31\u662f\u6570\u636e\u5e93\u8fc1\u79fb\u51fa\u4e86\u95ee\u9898\uff0c\u9700\u8981\u91cd\u65b0\u8fc1\u79fb\u4e00\u4e0b\u3002</p>\r\n\r\n<p>\u4f46\u662f\u5728\u8fc1\u79fb\u7684\u8fc7\u7a0b\u4e2d\uff1a</p>\r\n\r\n<p><img src=\"https://img-blog.csdnimg.cn/20191115191805940.png\" /></p>\r\n\r\n<p>\u5176\u5b9e\u5f53\u6211\u4eec\u8fc1\u79fb\u6587\u4ef6\u65f6\uff0c\u4e00\u5171\u4f1a\u751f\u6210\u4e09\u65b9\u6587\u4ef6\uff0c\u8fc1\u79fb\u6587\u4ef6\u3001\u6570\u636e\u5e93\u4e2d\u7684\u8868\u4ee5\u53ca\u8fc1\u79fb\u4fe1\u606f\u7684\u8bb0\u5f55</p>\r\n\r\n<p>\u8fd9\u91cc\u6211\u4ee5<a href=\"https://so.csdn.net/so/search?q=sqlite&amp;spm=1001.2101.3001.7020\" target=\"_blank\">sqlite</a>\u6570\u636e\u5e93\u4e3e\u4f8b\uff0c\u6253\u5f00\u6570\u636e\u5e93\uff0c\u627e\u5230\u5982\u4e0b\u8868\u4e2d\u7684django_migrations\u8868</p>\r\n\r\n<p><img alt=\"\u5728\u8fd9\u91cc\u63d2\u5165\u56fe\u7247\u63cf\u8ff0\" src=\"https://img-blog.csdnimg.cn/20191115192957511.png\" /></p>\r\n\r\n<p>\u6253\u5f00\u4f1a\u770b\u5230\uff1a</p>\r\n\r\n<p><img alt=\"\u5728\u8fd9\u91cc\u63d2\u5165\u56fe\u7247\u63cf\u8ff0\" src=\"https://img-blog.csdnimg.cn/20191115193148844.png?x-oss-process=image/watermark,type_ZmFuZ3poZW5naGVpdGk,shadow_10,text_aHR0cHM6Ly9ibG9nLmNzZG4ubmV0L3dlaXhpbl80Mzk5Njk1OQ==,size_16,color_FFFFFF,t_70\" /></p>\r\n\r\n<p>\u6211\u4eec\u751f\u6210\u4e86\u4e00\u6761 \u8fc1\u79fb\u7684\u8bb0\u5f55\uff0c\u6240\u4ee5\u6570\u636e\u5e93\u4f1a\u4ee5\u4e3a\u6211\u4eec\u5df2\u7ecf\u8fc1\u79fb\u5b8c\u6210\uff0c\u4e0d\u4f1a\u5728\u8fdb\u884c\u8fc1\u79fb\u64cd\u4f5c\u3002<br />\r\n\u6240\u4ee5\u6211\u4eec\u53ea\u9700\u8981\u5220\u9664\u8fd9\u6761\u8bb0\u5f55\u5373\u53ef\uff1a<br />\r\n\u518d\u6b21\u6267\u884c python manage.py migrate</p>\r\n\r\n<p><strong>\u4f46\u662f\u4f1a\u62a5\u9519\uff1a\u53e6\u4e00\u4e2a\u8868\u5df2\u7ecf\u5b58\u5728\uff0c\u4f46\u662f\u6211\u7684\u53e6\u4e00\u4e2a\u8868\u662fuser\u8868\uff0c\u4e0d\u53ef\u4ee5\u5220\u9664\u3002</strong></p>\r\n\r\n<p><strong>\u4e8e\u662f\u6211\u628a\u4e4b\u524d\u6a21\u578b\u7684\u8fc1\u79fb\u6587\u4ef6\u627e\u51fa\u6765\uff0c\u653e\u5728\u73b0\u6709\u9879\u76ee\u7684app\u8fc1\u79fb\u6587\u4ef6\u91cc\uff0c\u518d\u8fdb\u884c\u8fc1\u79fb\uff0c\u6210\u529f\uff01</strong></p>", "author": 1, "created_time": "2022-07-20T08:43:24.376Z", "last_updated_time": "2022-07-20T08:43:24.376Z"}}, {"model": "comment.comment", "pk": 1, "fields": {"content_type": 7, "object_id": 2, "text": "\u4e0d\u9519\u5466", "comment_time": "2022-07-14T11:35:30.604Z", "user": 1, "root": null, "parent": null, "reply_to": null}}, {"model": "comment.comment", "pk": 2, "fields": {"content_type": 7, "object_id": 2, "text": "\u4e0d\u9519\u5466", "comment_time": "2022-07-14T11:35:35.784Z", "user": 1, "root": null, "parent": null, "reply_to": null}}, {"model": "comment.comment", "pk": 3, "fields": {"content_type": 7, "object_id": 2, "text": "\u4e0d\u9519\u5466", "comment_time": "2022-07-14T11:35:41.157Z", "user": 1, "root": null, "parent": null, "reply_to": null}}, {"model": "comment.comment", "pk": 4, "fields": {"content_type": 7, "object_id": 1, "text": "123", "comment_time": "2022-07-14T11:35:55.228Z", "user": 1, "root": null, "parent": null, "reply_to": null}}, {"model": "comment.comment", "pk": 5, "fields": {"content_type": 7, "object_id": 2, "text": "123", "comment_time": "2022-07-14T11:36:45.956Z", "user": 1, "root": null, "parent": null, "reply_to": null}}, {"model": "comment.comment", "pk": 6, "fields": {"content_type": 7, "object_id": 2, "text": "123", "comment_time": "2022-07-14T11:39:27.119Z", "user": 1, "root": null, "parent": null, "reply_to": null}}, {"model": "comment.comment", "pk": 7, "fields": {"content_type": 7, "object_id": 2, "text": "<p>\u73b0\u5728bug\u4fee\u590d\u4e86\u561b</p>\r\n\r\n<p>&nbsp;</p>", "comment_time": "2022-07-14T13:22:46.566Z", "user": 1, "root": null, "parent": null, "reply_to": null}}, {"model": "comment.comment", "pk": 8, "fields": {"content_type": 7, "object_id": 2, "text": "<p>\u4f60\u597d\uff0cbug</p>", "comment_time": "2022-07-14T13:24:27.182Z", "user": 1, "root": null, "parent": null, "reply_to": null}}, {"model": "comment.comment", "pk": 9, "fields": {"content_type": 7, "object_id": 1, "text": "<p>\u4f60\u597d\u554a</p>", "comment_time": "2022-07-14T13:39:37.778Z", "user": 1, "root": null, "parent": null, "reply_to": null}}, {"model": "comment.comment", "pk": 10, "fields": {"content_type": 7, "object_id": 2, "text": "<p>\u624b\u673a\u6d4b\u8bd5</p>", "comment_time": "2022-07-14T14:19:25.084Z", "user": 1, "root": null, "parent": null, "reply_to": null}}, {"model": "comment.comment", "pk": 11, "fields": {"content_type": 7, "object_id": 2, "text": "<p><img alt=\"cool\" height=\"23\" src=\"http://cmder.top/static/ckeditor/ckeditor/plugins/smiley/images/shades_smile.png\" title=\"cool\" width=\"23\" /></p>", "comment_time": "2022-07-14T14:19:32.541Z", "user": 1, "root": null, "parent": null, "reply_to": null}}, {"model": "comment.comment", "pk": 12, "fields": {"content_type": 7, "object_id": 2, "text": "<p>&nbsp;&nbsp;&nbsp;&nbsp;<img alt=\"laugh\" height=\"23\" src=\"http://cmder.top/static/ckeditor/ckeditor/plugins/smiley/images/teeth_smile.png\" title=\"laugh\" width=\"23\" /></p>", "comment_time": "2022-07-15T02:06:34.969Z", "user": 1, "root": 11, "parent": 11, "reply_to": 1}}, {"model": "comment.comment", "pk": 13, "fields": {"content_type": 7, "object_id": 2, "text": "<p><strong><img alt=\"sad\" height=\"23\" src=\"http://cmder.top/static/ckeditor/ckeditor/plugins/smiley/images/sad_smile.png\" title=\"sad\" width=\"23\" /></strong></p>", "comment_time": "2022-07-15T02:08:30.585Z", "user": 1, "root": null, "parent": null, "reply_to": null}}, {"model": "comment.comment", "pk": 14, "fields": {"content_type": 7, "object_id": 2, "text": "<p><em><img alt=\"sad\" height=\"23\" src=\"http://cmder.top/static/ckeditor/ckeditor/plugins/smiley/images/sad_smile.png\" title=\"sad\" width=\"23\" /></em></p>", "comment_time": "2022-07-15T02:10:19.633Z", "user": 1, "root": null, "parent": null, "reply_to": null}}, {"model": "comment.comment", "pk": 15, "fields": {"content_type": 7, "object_id": 12, "text": "<p><strong><img alt=\"sad\" height=\"23\" src=\"https://cmder.top/static/ckeditor/ckeditor/plugins/smiley/images/sad_smile.png\" title=\"sad\" width=\"23\" /></strong></p>", "comment_time": "2022-07-20T13:13:59.551Z", "user": 1, "root": null, "parent": null, "reply_to": null}}, {"model": "likes.likerecord", "pk": 4, "fields": {"content_type": 11, "object_id": 7, "user": 1, "liked_time": "2022-07-14T13:22:50.513Z"}}, {"model": "likes.likerecord", "pk": 5, "fields": {"content_type": 11, "object_id": 8, "user": 1, "liked_time": "2022-07-14T13:40:04.432Z"}}, {"model": "likes.likerecord", "pk": 6, "fields": {"content_type": 7, "object_id": 2, "user": 1, "liked_time": "2022-07-14T14:02:46.536Z"}}, {"model": "likes.likerecord", "pk": 9, "fields": {"content_type": 11, "object_id": 4, "user": 1, "liked_time": "2022-07-14T14:02:54.497Z"}}, {"model": "likes.likerecord", "pk": 13, "fields": {"content_type": 7, "object_id": 6, "user": 1, "liked_time": "2022-07-19T01:31:59.598Z"}}, {"model": "likes.likerecord", "pk": 14, "fields": {"content_type": 7, "object_id": 10, "user": 1, "liked_time": "2022-07-19T02:09:58.939Z"}}, {"model": "likes.likerecord", "pk": 15, "fields": {"content_type": 7, "object_id": 11, "user": 1, "liked_time": "2022-07-19T12:37:53.742Z"}}, {"model": "likes.likerecord", "pk": 17, "fields": {"content_type": 11, "object_id": 9, "user": 1, "liked_time": "2022-07-19T13:40:25.230Z"}}, {"model": "likes.likerecord", "pk": 18, "fields": {"content_type": 7, "object_id": 12, "user": 1, "liked_time": "2022-07-20T09:51:53.355Z"}}, {"model": "likes.likerecord", "pk": 19, "fields": {"content_type": 7, "object_id": 1, "user": 1, "liked_time": "2022-07-20T12:54:36.286Z"}}, {"model": "likes.likerecord", "pk": 20, "fields": {"content_type": 7, "object_id": 3, "user": 1, "liked_time": "2022-07-20T13:02:19.403Z"}}, {"model": "user.oauthrelationship", "pk": 2, "fields": {"user": 1, "openid": "2E292FD515138B92824133A709009235", "oauth_type": 0}}, {"model": "user.profile", "pk": 1, "fields": {"user": 1, "nickname": "\u806a\u660e\u86cb\u513f"}}, {"model": "notifications.notification", "pk": 1, "fields": {"level": "info", "recipient": 1, "unread": false, "actor_content_type": 4, "actor_object_id": "1", "verb": "\u7231\u6068\u4e00\u5ff5 \u70b9\u8d5e\u4e86\u4f60\u7684\u300agit\u62a5\u9519#Support for password authentication was removed on August 13,2021. Please use a personal...\u300b", "description": null, "target_content_type": null, "target_object_id": null, "action_object_content_type": 13, "action_object_object_id": "15", "timestamp": "2022-07-19T12:37:53.747Z", "public": true, "deleted": false, "emailed": false, "data": "{\"url\": \"/blog/11\"}"}}, {"model": "notifications.notification", "pk": 2, "fields": {"level": "info", "recipient": 1, "unread": false, "actor_content_type": 4, "actor_object_id": "1", "verb": "\u7231\u6068\u4e00\u5ff5 \u70b9\u8d5e\u4e86\u4f60\u7684\u8bc4\u8bba\u201c\u4f60\u597d\u554a\u201d", "description": null, "target_content_type": null, "target_object_id": null, "action_object_content_type": 13, "action_object_object_id": "16", "timestamp": "2022-07-19T13:40:24.249Z", "public": true, "deleted": false, "emailed": false, "data": "{\"url\": \"/blog/1\"}"}}, {"model": "notifications.notification", "pk": 3, "fields": {"level": "info", "recipient": 1, "unread": false, "actor_content_type": 4, "actor_object_id": "1", "verb": "\u7231\u6068\u4e00\u5ff5 \u70b9\u8d5e\u4e86\u4f60\u7684\u8bc4\u8bba\u201c\u4f60\u597d\u554a\u201d", "description": null, "target_content_type": null, "target_object_id": null, "action_object_content_type": 13, "action_object_object_id": "17", "timestamp": "2022-07-19T13:40:25.239Z", "public": true, "deleted": false, "emailed": false, "data": "{\"url\": \"/blog/1\"}"}}, {"model": "notifications.notification", "pk": 4, "fields": {"level": "info", "recipient": 1, "unread": false, "actor_content_type": 4, "actor_object_id": "1", "verb": "\u7231\u6068\u4e00\u5ff5 \u70b9\u8d5e\u4e86\u4f60\u7684\u300a\u65b0\u7684\u7a0b\u5e8f\u8fd0\u884c\u5728\u65e7\u7684\u6570\u636e\u5e93\u4e0a\u5f15\u53d1\u7684\u95ee\u9898\u300b", "description": null, "target_content_type": null, "target_object_id": null, "action_object_content_type": 13, "action_object_object_id": "18", "timestamp": "2022-07-20T09:51:53.360Z", "public": true, "deleted": false, "emailed": false, "data": "{\"url\": \"/blog/12\"}"}}, {"model": "notifications.notification", "pk": 5, "fields": {"level": "info", "recipient": 1, "unread": false, "actor_content_type": 4, "actor_object_id": "1", "verb": "\u7231\u6068\u4e00\u5ff5 \u70b9\u8d5e\u4e86\u4f60\u7684\u300a\u5165\u95e8\u4eea\u5f0fhelloworld\u300b", "description": null, "target_content_type": null, "target_object_id": null, "action_object_content_type": 13, "action_object_object_id": "19", "timestamp": "2022-07-20T12:54:36.291Z", "public": true, "deleted": false, "emailed": false, "data": "{\"url\": \"/blog/1\"}"}}, {"model": "notifications.notification", "pk": 6, "fields": {"level": "info", "recipient": 1, "unread": false, "actor_content_type": 4, "actor_object_id": "1", "verb": "\u7231\u6068\u4e00\u5ff5 \u70b9\u8d5e\u4e86\u4f60\u7684\u300aDjango \u914d\u7f6e MySQL \u62a5\u9519\uff1aNameError: name \u2018_mysql\u2018 is not defined\u300b", "description": null, "target_content_type": null, "target_object_id": null, "action_object_content_type": 13, "action_object_object_id": "20", "timestamp": "2022-07-20T13:02:19.408Z", "public": true, "deleted": false, "emailed": false, "data": "{\"url\": \"/blog/3\"}"}}, {"model": "notifications.notification", "pk": 7, "fields": {"level": "info", "recipient": 1, "unread": false, "actor_content_type": 4, "actor_object_id": "1", "verb": "\u806a\u660e\u86cb \u8bc4\u8bba\u4e86\u4f60\u7684\u300a\u65b0\u7684\u7a0b\u5e8f\u8fd0\u884c\u5728\u65e7\u7684\u6570\u636e\u5e93\u4e0a\u5f15\u53d1\u7684\u95ee\u9898\u300b", "description": null, "target_content_type": null, "target_object_id": null, "action_object_content_type": 11, "action_object_object_id": "15", "timestamp": "2022-07-20T13:13:59.564Z", "public": true, "deleted": false, "emailed": false, "data": "{\"url\": \"/blog/12#comment_15\"}"}}, {"model": "admin.logentry", "pk": 1, "fields": {"action_time": "2022-07-13T02:14:46.607Z", "user": 1, "content_type": 8, "object_id": "1", "object_repr": "Django", "action_flag": 1, "change_message": "[{\"added\": {}}]"}}, {"model": "admin.logentry", "pk": 2, "fields": {"action_time": "2022-07-13T02:14:57.743Z", "user": 1, "content_type": 8, "object_id": "2", "object_repr": "\u611f\u609f", "action_flag": 1, "change_message": "[{\"added\": {}}]"}}, {"model": "admin.logentry", "pk": 3, "fields": {"action_time": "2022-07-13T02:15:04.722Z", "user": 1, "content_type": 8, "object_id": "3", "object_repr": "\u95ee\u9898", "action_flag": 1, "change_message": "[{\"added\": {}}]"}}, {"model": "admin.logentry", "pk": 4, "fields": {"action_time": "2022-07-13T02:15:15.216Z", "user": 1, "content_type": 8, "object_id": "4", "object_repr": "\u8bb0\u5f55", "action_flag": 1, "change_message": "[{\"added\": {}}]"}}, {"model": "admin.logentry", "pk": 5, "fields": {"action_time": "2022-07-13T02:15:47.902Z", "user": 1, "content_type": 7, "object_id": "1", "object_repr": "<Blog: \u5165\u95e8\u4eea\u5f0fhelloworld>", "action_flag": 1, "change_message": "[{\"added\": {}}]"}}, {"model": "admin.logentry", "pk": 6, "fields": {"action_time": "2022-07-14T08:56:31.471Z", "user": 1, "content_type": 7, "object_id": "2", "object_repr": "<Blog: Django2.2\u62a5\u9519\u2014\u2014AttributeError: ''str'' object has no>", "action_flag": 1, "change_message": "[{\"added\": {}}]"}}, {"model": "admin.logentry", "pk": 7, "fields": {"action_time": "2022-07-14T08:59:35.177Z", "user": 1, "content_type": 7, "object_id": "2", "object_repr": "<Blog: Django2.2\u62a5\u9519\u2014\u2014AttributeError: ''str'' object has no>", "action_flag": 2, "change_message": "[{\"changed\": {\"fields\": [\"content\"]}}]"}}, {"model": "admin.logentry", "pk": 8, "fields": {"action_time": "2022-07-14T08:59:52.204Z", "user": 1, "content_type": 7, "object_id": "2", "object_repr": "<Blog: Django2.2\u62a5\u9519\u2014\u2014AttributeError: ''str'' object has no>", "action_flag": 2, "change_message": "[{\"changed\": {\"fields\": [\"content\"]}}]"}}, {"model": "admin.logentry", "pk": 9, "fields": {"action_time": "2022-07-14T09:00:10.916Z", "user": 1, "content_type": 7, "object_id": "2", "object_repr": "<Blog: Django2.2\u62a5\u9519\u2014\u2014AttributeError: ''str'' object has no>", "action_flag": 2, "change_message": "[{\"changed\": {\"fields\": [\"content\"]}}]"}}, {"model": "admin.logentry", "pk": 10, "fields": {"action_time": "2022-07-15T13:32:17.011Z", "user": 1, "content_type": 7, "object_id": "3", "object_repr": "<Blog: Django \u914d\u7f6e MySQL \u62a5\u9519\uff1aNameError: name \u2018_mysql\u2018 is not>", "action_flag": 1, "change_message": "[{\"added\": {}}]"}}, {"model": "admin.logentry", "pk": 11, "fields": {"action_time": "2022-07-15T13:38:14.298Z", "user": 1, "content_type": 7, "object_id": "2", "object_repr": "<Blog: Django2.2\u62a5\u9519\u2014\u2014AttributeError: ''str'' object has no>", "action_flag": 2, "change_message": "[]"}}, {"model": "admin.logentry", "pk": 12, "fields": {"action_time": "2022-07-15T13:38:55.029Z", "user": 1, "content_type": 7, "object_id": "2", "object_repr": "<Blog: Django2.2\u62a5\u9519\u2014\u2014AttributeError: ''str'' object has no>", "action_flag": 2, "change_message": "[]"}}, {"model": "admin.logentry", "pk": 13, "fields": {"action_time": "2022-07-15T13:40:11.933Z", "user": 1, "content_type": 7, "object_id": "2", "object_repr": "<Blog: Django2.2\u62a5\u9519\u2014\u2014AttributeError: ''str'' object has no>", "action_flag": 2, "change_message": "[]"}}, {"model": "admin.logentry", "pk": 14, "fields": {"action_time": "2022-07-15T13:41:01.755Z", "user": 1, "content_type": 7, "object_id": "2", "object_repr": "<Blog: Django2.2\u62a5\u9519\u2014\u2014AttributeError: ''str'' object has no attribute ''decode''>", "action_flag": 2, "change_message": "[{\"changed\": {\"fields\": [\"title\"]}}]"}}, {"model": "admin.logentry", "pk": 15, "fields": {"action_time": "2022-07-15T13:41:22.525Z", "user": 1, "content_type": 7, "object_id": "3", "object_repr": "<Blog: Django \u914d\u7f6e MySQL \u62a5\u9519\uff1aNameError: name \u2018_mysql\u2018 is not defined>", "action_flag": 2, "change_message": "[{\"changed\": {\"fields\": [\"title\"]}}]"}}, {"model": "admin.logentry", "pk": 16, "fields": {"action_time": "2022-07-15T13:49:12.807Z", "user": 1, "content_type": 7, "object_id": "4", "object_repr": "<Blog: Django\u4e0a\u7ebf\u4e4b\u670d\u52a1\u5668\u76f8\u5173\u914d\u7f6e>", "action_flag": 1, "change_message": "[{\"added\": {}}]"}}, {"model": "admin.logentry", "pk": 17, "fields": {"action_time": "2022-07-15T13:49:50.420Z", "user": 1, "content_type": 7, "object_id": "1", "object_repr": "<Blog: \u5165\u95e8\u4eea\u5f0fhelloworld>", "action_flag": 2, "change_message": "[{\"changed\": {\"fields\": [\"content\"]}}]"}}, {"model": "admin.logentry", "pk": 18, "fields": {"action_time": "2022-07-15T13:50:34.789Z", "user": 1, "content_type": 7, "object_id": "1", "object_repr": "<Blog: \u5165\u95e8\u4eea\u5f0fhelloworld>", "action_flag": 2, "change_message": "[{\"changed\": {\"fields\": [\"content\"]}}]"}}, {"model": "admin.logentry", "pk": 19, "fields": {"action_time": "2022-07-15T13:52:07.431Z", "user": 1, "content_type": 7, "object_id": "1", "object_repr": "<Blog: \u5165\u95e8\u4eea\u5f0fhelloworld>", "action_flag": 2, "change_message": "[{\"changed\": {\"fields\": [\"content\"]}}]"}}, {"model": "admin.logentry", "pk": 20, "fields": {"action_time": "2022-07-15T13:59:24.196Z", "user": 1, "content_type": 7, "object_id": "1", "object_repr": "<Blog: \u5165\u95e8\u4eea\u5f0fhelloworld>", "action_flag": 2, "change_message": "[{\"changed\": {\"fields\": [\"content\"]}}]"}}, {"model": "admin.logentry", "pk": 21, "fields": {"action_time": "2022-07-15T14:00:26.687Z", "user": 1, "content_type": 7, "object_id": "1", "object_repr": "<Blog: \u5165\u95e8\u4eea\u5f0fhelloworld>", "action_flag": 2, "change_message": "[{\"changed\": {\"fields\": [\"content\"]}}]"}}, {"model": "admin.logentry", "pk": 22, "fields": {"action_time": "2022-07-15T14:02:18.070Z", "user": 1, "content_type": 7, "object_id": "1", "object_repr": "<Blog: \u5165\u95e8\u4eea\u5f0fhelloworld>", "action_flag": 2, "change_message": "[{\"changed\": {\"fields\": [\"content\"]}}]"}}, {"model": "admin.logentry", "pk": 23, "fields": {"action_time": "2022-07-15T14:15:30.221Z", "user": 1, "content_type": 7, "object_id": "1", "object_repr": "<Blog: \u5165\u95e8\u4eea\u5f0fhelloworld>", "action_flag": 2, "change_message": "[{\"changed\": {\"fields\": [\"content\"]}}]"}}, {"model": "admin.logentry", "pk": 24, "fields": {"action_time": "2022-07-15T14:16:06.586Z", "user": 1, "content_type": 7, "object_id": "1", "object_repr": "<Blog: \u5165\u95e8\u4eea\u5f0fhelloworld>", "action_flag": 2, "change_message": "[{\"changed\": {\"fields\": [\"content\"]}}]"}}, {"model": "admin.logentry", "pk": 25, "fields": {"action_time": "2022-07-15T14:16:26.792Z", "user": 1, "content_type": 7, "object_id": "1", "object_repr": "<Blog: \u5165\u95e8\u4eea\u5f0fhelloworld>", "action_flag": 2, "change_message": "[{\"changed\": {\"fields\": [\"content\"]}}]"}}, {"model": "admin.logentry", "pk": 26, "fields": {"action_time": "2022-07-15T14:17:32.635Z", "user": 1, "content_type": 7, "object_id": "2", "object_repr": "<Blog: Django2.2\u62a5\u9519\u2014\u2014AttributeError: ''str'' object has no attribute ''decode''>", "action_flag": 2, "change_message": "[{\"changed\": {\"fields\": [\"content\"]}}]"}}, {"model": "admin.logentry", "pk": 27, "fields": {"action_time": "2022-07-15T14:18:38.427Z", "user": 1, "content_type": 7, "object_id": "2", "object_repr": "<Blog: Django2.2\u62a5\u9519\u2014\u2014AttributeError: ''str'' object has no attribute ''decode''>", "action_flag": 2, "change_message": "[{\"changed\": {\"fields\": [\"content\"]}}]"}}, {"model": "admin.logentry", "pk": 28, "fields": {"action_time": "2022-07-15T14:19:11.701Z", "user": 1, "content_type": 7, "object_id": "2", "object_repr": "<Blog: Django2.2\u62a5\u9519\u2014\u2014AttributeError: ''str'' object has no attribute ''decode''>", "action_flag": 2, "change_message": "[{\"changed\": {\"fields\": [\"content\"]}}]"}}, {"model": "admin.logentry", "pk": 29, "fields": {"action_time": "2022-07-15T14:21:28.792Z", "user": 1, "content_type": 7, "object_id": "4", "object_repr": "<Blog: Django\u4e0a\u7ebf\u4e4b\u670d\u52a1\u5668\u76f8\u5173\u914d\u7f6e>", "action_flag": 2, "change_message": "[{\"changed\": {\"fields\": [\"content\"]}}]"}}, {"model": "admin.logentry", "pk": 30, "fields": {"action_time": "2022-07-15T14:22:08.025Z", "user": 1, "content_type": 7, "object_id": "4", "object_repr": "<Blog: Django\u4e0a\u7ebf\u4e4b\u670d\u52a1\u5668\u76f8\u5173\u914d\u7f6e>", "action_flag": 2, "change_message": "[]"}}, {"model": "admin.logentry", "pk": 31, "fields": {"action_time": "2022-07-15T14:27:15.604Z", "user": 1, "content_type": 7, "object_id": "5", "object_repr": "<Blog: \u5b89\u88c5uwsgi+nginx\u4ee5\u53ca\u914d\u7f6e>", "action_flag": 1, "change_message": "[{\"added\": {}}]"}}, {"model": "admin.logentry", "pk": 32, "fields": {"action_time": "2022-07-15T14:29:04.393Z", "user": 1, "content_type": 7, "object_id": "5", "object_repr": "<Blog: \u5b89\u88c5uwsgi+nginx\u4ee5\u53ca\u914d\u7f6e>", "action_flag": 2, "change_message": "[{\"changed\": {\"fields\": [\"content\"]}}]"}}, {"model": "admin.logentry", "pk": 33, "fields": {"action_time": "2022-07-15T14:31:03.716Z", "user": 1, "content_type": 7, "object_id": "5", "object_repr": "<Blog: \u5b89\u88c5uwsgi+nginx\u4ee5\u53ca\u914d\u7f6e>", "action_flag": 2, "change_message": "[{\"changed\": {\"fields\": [\"content\"]}}]"}}, {"model": "admin.logentry", "pk": 34, "fields": {"action_time": "2022-07-15T14:31:30.190Z", "user": 1, "content_type": 7, "object_id": "5", "object_repr": "<Blog: \u5b89\u88c5uwsgi+nginx\u4ee5\u53ca\u914d\u7f6e>", "action_flag": 2, "change_message": "[{\"changed\": {\"fields\": [\"content\"]}}]"}}, {"model": "admin.logentry", "pk": 35, "fields": {"action_time": "2022-07-15T14:47:35.264Z", "user": 1, "content_type": 4, "object_id": "2", "object_repr": "xcf", "action_flag": 2, "change_message": "[{\"changed\": {\"fields\": [\"is_staff\", \"last_login\"]}}]"}}, {"model": "admin.logentry", "pk": 36, "fields": {"action_time": "2022-07-18T04:38:18.994Z", "user": 1, "content_type": 7, "object_id": "5", "object_repr": "<Blog: \u4e0a\u7ebf--\u5b89\u88c5uwsgi+nginx\u4ee5\u53ca\u914d\u7f6e>", "action_flag": 2, "change_message": "[{\"changed\": {\"fields\": [\"title\"]}}]"}}, {"model": "admin.logentry", "pk": 37, "fields": {"action_time": "2022-07-18T13:18:57.927Z", "user": 1, "content_type": 7, "object_id": "6", "object_repr": "<Blog: \u4e0a\u7ebf\u540e\u65e5\u671f\u5f52\u6863\u6ca1\u6709\u6b63\u5e38\u5de5\u4f5c>", "action_flag": 1, "change_message": "[{\"added\": {}}]"}}, {"model": "admin.logentry", "pk": 38, "fields": {"action_time": "2022-07-18T14:33:25.668Z", "user": 1, "content_type": 7, "object_id": "7", "object_repr": "<Blog: 7>", "action_flag": 1, "change_message": "[{\"added\": {}}]"}}, {"model": "admin.logentry", "pk": 39, "fields": {"action_time": "2022-07-18T14:33:35.479Z", "user": 1, "content_type": 7, "object_id": "8", "object_repr": "<Blog: 8>", "action_flag": 1, "change_message": "[{\"added\": {}}]"}}, {"model": "admin.logentry", "pk": 40, "fields": {"action_time": "2022-07-18T14:34:02.879Z", "user": 1, "content_type": 7, "object_id": "8", "object_repr": "<Blog: 8>", "action_flag": 3, "change_message": ""}}, {"model": "admin.logentry", "pk": 41, "fields": {"action_time": "2022-07-18T14:34:02.887Z", "user": 1, "content_type": 7, "object_id": "7", "object_repr": "<Blog: 7>", "action_flag": 3, "change_message": ""}}, {"model": "admin.logentry", "pk": 42, "fields": {"action_time": "2022-07-19T01:28:38.088Z", "user": 1, "content_type": 7, "object_id": "9", "object_repr": "<Blog: \u4e3a\u4ec0\u4e48\u90e8\u7f72\u4e4b\u540e\u8981\u9488\u5bf9\u914d\u7f6e>", "action_flag": 1, "change_message": "[{\"added\": {}}]"}}, {"model": "admin.logentry", "pk": 43, "fields": {"action_time": "2022-07-19T01:31:02.152Z", "user": 1, "content_type": 7, "object_id": "9", "object_repr": "<Blog: \u4e3a\u4ec0\u4e48\u90e8\u7f72\u4e4b\u540e\u8981\u9488\u5bf9\u914d\u7f6e>", "action_flag": 2, "change_message": "[{\"changed\": {\"fields\": [\"content\"]}}]"}}, {"model": "admin.logentry", "pk": 44, "fields": {"action_time": "2022-07-19T01:31:44.622Z", "user": 1, "content_type": 7, "object_id": "6", "object_repr": "<Blog: \u4e0a\u7ebf\u540e\u65e5\u671f\u5f52\u6863\u6ca1\u6709\u6b63\u5e38\u5de5\u4f5c>", "action_flag": 2, "change_message": "[{\"changed\": {\"fields\": [\"content\"]}}]"}}, {"model": "admin.logentry", "pk": 45, "fields": {"action_time": "2022-07-19T01:32:16.414Z", "user": 1, "content_type": 7, "object_id": "5", "object_repr": "<Blog: \u4e0a\u7ebf--\u5b89\u88c5uwsgi+nginx\u4ee5\u53ca\u914d\u7f6e>", "action_flag": 2, "change_message": "[{\"changed\": {\"fields\": [\"content\"]}}]"}}, {"model": "admin.logentry", "pk": 46, "fields": {"action_time": "2022-07-19T01:32:54.113Z", "user": 1, "content_type": 7, "object_id": "4", "object_repr": "<Blog: Django\u4e0a\u7ebf\u4e4b\u670d\u52a1\u5668\u76f8\u5173\u914d\u7f6e>", "action_flag": 2, "change_message": "[{\"changed\": {\"fields\": [\"content\"]}}]"}}, {"model": "admin.logentry", "pk": 47, "fields": {"action_time": "2022-07-19T01:33:26.560Z", "user": 1, "content_type": 7, "object_id": "3", "object_repr": "<Blog: Django \u914d\u7f6e MySQL \u62a5\u9519\uff1aNameError: name \u2018_mysql\u2018 is not defined>", "action_flag": 2, "change_message": "[{\"changed\": {\"fields\": [\"content\"]}}]"}}, {"model": "admin.logentry", "pk": 48, "fields": {"action_time": "2022-07-19T01:34:28.894Z", "user": 1, "content_type": 7, "object_id": "2", "object_repr": "<Blog: Django2.2\u62a5\u9519\u2014\u2014AttributeError: ''str'' object has no attribute ''decode''>", "action_flag": 2, "change_message": "[{\"changed\": {\"fields\": [\"content\"]}}]"}}, {"model": "admin.logentry", "pk": 49, "fields": {"action_time": "2022-07-19T01:34:48.447Z", "user": 1, "content_type": 7, "object_id": "2", "object_repr": "<Blog: Django2.2\u62a5\u9519\u2014\u2014AttributeError: ''str'' object has no attribute ''decode''>", "action_flag": 2, "change_message": "[{\"changed\": {\"fields\": [\"content\"]}}]"}}, {"model": "admin.logentry", "pk": 50, "fields": {"action_time": "2022-07-19T01:35:56.557Z", "user": 1, "content_type": 7, "object_id": "2", "object_repr": "<Blog: Django2.2\u62a5\u9519\u2014\u2014AttributeError: ''str'' object has no attribute ''decode''>", "action_flag": 2, "change_message": "[{\"changed\": {\"fields\": [\"content\"]}}]"}}, {"model": "admin.logentry", "pk": 51, "fields": {"action_time": "2022-07-19T01:36:16.555Z", "user": 1, "content_type": 7, "object_id": "2", "object_repr": "<Blog: Django2.2\u62a5\u9519\u2014\u2014AttributeError: ''str'' object has no attribute ''decode''>", "action_flag": 2, "change_message": "[]"}}, {"model": "admin.logentry", "pk": 52, "fields": {"action_time": "2022-07-19T01:36:24.970Z", "user": 1, "content_type": 7, "object_id": "1", "object_repr": "<Blog: \u5165\u95e8\u4eea\u5f0fhelloworld>", "action_flag": 2, "change_message": "[{\"changed\": {\"fields\": [\"content\"]}}]"}}, {"model": "admin.logentry", "pk": 53, "fields": {"action_time": "2022-07-19T02:09:39.284Z", "user": 1, "content_type": 7, "object_id": "10", "object_repr": "<Blog: \u4e00\u4e9b\u5b89\u5168\u914d\u7f6e>", "action_flag": 1, "change_message": "[{\"added\": {}}]"}}, {"model": "admin.logentry", "pk": 54, "fields": {"action_time": "2022-07-19T11:47:31.381Z", "user": 1, "content_type": 7, "object_id": "9", "object_repr": "<Blog: \u4e3a\u4ec0\u4e48\u90e8\u7f72\u4e4b\u540e\u8981\u9488\u5bf9\u914d\u7f6e>", "action_flag": 2, "change_message": "[]"}}, {"model": "admin.logentry", "pk": 55, "fields": {"action_time": "2022-07-19T12:36:25.887Z", "user": 1, "content_type": 7, "object_id": "11", "object_repr": "<Blog: git\u62a5\u9519#Support for password authentication was removed on August 13,2021. Please use a personal...>", "action_flag": 1, "change_message": "[{\"added\": {}}]"}}, {"model": "admin.logentry", "pk": 56, "fields": {"action_time": "2022-07-19T12:37:32.082Z", "user": 1, "content_type": 7, "object_id": "11", "object_repr": "<Blog: git\u62a5\u9519#Support for password authentication was removed on August 13,2021. Please use a personal...>", "action_flag": 2, "change_message": "[{\"changed\": {\"fields\": [\"content\"]}}]"}}, {"model": "admin.logentry", "pk": 57, "fields": {"action_time": "2022-07-20T08:43:24.383Z", "user": 1, "content_type": 7, "object_id": "12", "object_repr": "<Blog: \u65b0\u7684\u7a0b\u5e8f\u8fd0\u884c\u5728\u65e7\u7684\u6570\u636e\u5e93\u4e0a\u5f15\u53d1\u7684\u95ee\u9898>", "action_flag": 1, "change_message": "[{\"added\": {}}]"}}, {"model": "admin.logentry", "pk": 58, "fields": {"action_time": "2022-07-20T09:25:52.989Z", "user": 1, "content_type": 15, "object_id": "1", "object_repr": "<OAuthRelationship: gj>", "action_flag": 3, "change_message": ""}}]